0	1	date
-94.148036	36.334145	1/2/2015
-92.966037	36.203334	1/2/2015
-83.459929	34.24863	1/3/2015
-94.513179	36.181117	1/4/2015
-92.439708	35.110687	1/4/2015
-92.275897	34.790476	1/4/2015
-92.72818	35.131691	1/5/2015
-89.579482	36.86933	1/6/2015
-94.977187	35.890855	1/6/2015
-92.465717	36.452566	1/6/2015
-95.60734	36.32548	1/6/2015
-94.310477	37.141918	1/7/2015
-92.649472	37.658495	1/7/2015
-91.860475	36.727714	1/7/2015
-94.356251	35.469947	1/7/2015
-94.394421	36.841485	1/8/2015
-91.21215	35.71028	1/8/2015
-90.408144	36.755411	1/8/2015
-93.749461	38.366172	1/8/2015
-92.146829	37.82642	1/9/2015
-95.319049	36.3062	1/9/2015
-92.0807	32.516689	1/11/2015
-92.11035	34.883828	1/11/2015
-91.884766	39.170871	1/11/2015
-94.914155	39.319931	1/13/2015
-91.546032	37.636087	1/13/2015
-94.85117	36.976639	1/14/2015
-92.185145	38.564489	1/14/2015
-89.953355	36.79946	1/14/2015
-94.632948	35.045605	1/14/2015
-93.259842	36.640851	1/14/2015
-93.788686	34.045389	1/14/2015
-94.099869	37.391323	1/15/2015
-96.558692	39.186668	1/15/2015
-90.524918	36.059925	1/15/2015
-90.435012	37.787944	1/15/2015
-94.800283	33.89552	1/15/2015
-94.705373	37.810235	1/16/2015
-92.454	39.43233	1/16/2015
-95.932435	36.739207	1/17/2015
-95.643001	37.033267	1/17/2015
-96.825073	39.021883	1/17/2015
-92.565568	38.333763	1/18/2015
-90.685164	35.821221	1/18/2015
-93.396757	37.594649	1/19/2015
-94.812222	35.44892	1/20/2015
-93.947829	36.915901	1/21/2015
-95.510044	34.010795	1/21/2015
-95.143509	36.63598	1/21/2015
-91.943907	38.86403	1/21/2015
-93.089517	34.493086	1/22/2015
-94.143611	36.167274	1/22/2015
-93.902379	35.141897	1/23/2015
-92.676769	36.962221	1/23/2015
-90.971722	36.07489	1/23/2015
-93.106773	35.278174	1/24/2015
-94.477694	37.07405	1/24/2015
-90.980646	38.97841	1/24/2015
-93.737229	38.779135	1/25/2015
-89.856079	35.928492	1/25/2015
-95.395139	35.957489	1/26/2015
-89.240636	35.592466	1/26/2015
-91.15795	38.221185	1/26/2015
-93.456641	35.44847	1/26/2015
-94.225727	34.58631	1/27/2015
-90.751552	35.244479	1/27/2015
-90.391083	38.212753	1/27/2015
-90.148524	35.154948	1/27/2015
-90.95828	36.248073	1/28/2015
-94.704909	37.433371	1/28/2015
-96.160018	35.98849	1/28/2015
-89.984357	35.697714	1/29/2015
-92.410009	31.366854	1/29/2015
-93.585117	36.377735	1/30/2015
-97.41592	30.599448	1/31/2015
-92.921458	37.336332	1/31/2015
-94.546108	37.084652	2/2/2015
-92.33425	38.937799	2/2/2015
-94.63366	35.817263	2/2/2015
-89.885699	37.722972	2/3/2015
-93.225167	33.226519	2/3/2015
-92.413473	35.127358	2/3/2015
-92.577651	34.581553	2/3/2015
-93.310875	37.24721	2/4/2015
-93.248095	32.627691	2/4/2015
-92.26275	37.149916	2/4/2015
-92.845464	37.935869	2/4/2015
-94.769081	36.57897	2/4/2015
-90.790971	35.029877	2/4/2015
-93.718573	36.947616	2/5/2015
-89.640142	35.583664	2/6/2015
-89.855783	35.390412	2/7/2015
-90.511653	37.872662	2/7/2015
-94.349423	38.588583	2/8/2015
-89.553434	35.747529	2/8/2015
-91.887364	32.777717	2/8/2015
-90.972254	38.433333	2/8/2015
-94.221623	36.368584	2/8/2015
-91.777317	37.939184	2/9/2015
-91.548729	34.479278	2/9/2015
-96.920932	35.384301	2/10/2015
-88.745002	35.872336	2/10/2015
-88.535216	34.908824	2/10/2015
-88.895748	36.514801	2/11/2015
-88.782561	36.324103	2/11/2015
-97.425418	35.854994	2/13/2015
-94.234316	39.75388	2/13/2015
-95.452631	37.653335	2/13/2015
-88.851806	33.441823	2/13/2015
-97.933058	35.051213	2/13/2015
-88.562734	34.676487	2/14/2015
-88.659436	33.631959	2/14/2015
-93.984754	32.857636	2/15/2015
-94.739572	34.022301	2/15/2015
-88.459403	33.967824	2/15/2015
-91.613941	35.764825	2/16/2015
-88.91491	35.841499	2/16/2015
-95.96181	35.608125	2/16/2015
-89.632978	37.364007	2/17/2015
-96.652692	35.246473	2/17/2015
-92.375747	34.670081	2/17/2015
-94.410748	35.327836	2/17/2015
-92.407155	34.747626	2/17/2015
-92.828072	34.385231	2/18/2015
-90.675056	35.806744	2/20/2015
-97.143036	34.153414	2/20/2015
-95.322847	35.770263	2/20/2015
-94.968192	33.136035	2/20/2015
-97.932608	35.848903	2/21/2015
-94.117647	33.659928	2/21/2015
-99.443183	35.411701	2/22/2015
-93.554045	39.777542	2/23/2015
-97.29936	36.81142	2/23/2015
-97.051458	36.123412	2/23/2015
-93.258547	37.239942	2/23/2015
-97.366159	35.029998	2/23/2015
-94.71564	31.358708	2/23/2015
-94.341961	35.348672	2/24/2015
-95.071379	33.611759	2/25/2015
-88.359032	36.866705	2/25/2015
-94.200566	36.052306	2/26/2015
-91.07074	39.433396	2/26/2015
-94.940109	32.746034	2/26/2015
-96.589689	33.707891	2/26/2015
-95.509797	33.661538	2/26/2015
-92.708368	32.227875	2/27/2015
-99.381687	36.414557	2/28/2015
-95.745164	34.913535	2/28/2015
-90.574939	38.154223	2/28/2015
-89.980849	34.832285	2/28/2015
-89.968554	34.624603	2/28/2015
-89.664318	36.19748	2/28/2015
-91.694259	35.250431	2/28/2015
-96.192354	33.592867	3/1/2015
-92.294135	38.956096	3/1/2015
-91.618789	36.25054	3/1/2015
-88.446906	36.001984	3/2/2015
-98.244438	35.057896	3/3/2015
-94.655301	31.649003	3/3/2015
-89.02213	34.250798	3/4/2015
-94.784436	32.159326	3/4/2015
-91.894033	37.259569	3/5/2015
-91.952974	33.136169	3/5/2015
-95.884116	36.293026	3/5/2015
-91.895726	34.795082	3/6/2015
-93.067716	31.752704	3/6/2015
-92.853593	33.585066	3/6/2015
-91.030836	38.546345	3/7/2015
-90.046548	37.985054	3/8/2015
-80.755079	28.394482	3/8/2015
-89.680555	35.0459	3/8/2015
-88.949519	34.722679	3/9/2015
-88.307303	36.283453	3/9/2015
-98.648058	36.797537	3/9/2015
-93.350579	37.182903	3/9/2015
-95.264717	31.953321	3/10/2015
-94.42351	33.448665	3/10/2015
-91.037917	33.405817	3/10/2015
-89.114342	33.175272	3/10/2015
-94.255951	39.038534	3/11/2015
-97.137213	33.641145	3/11/2015
-96.849791	37.882633	3/11/2015
-89.884439	37.831215	3/11/2015
-92.582368	40.214976	3/11/2015
-90.040789	36.236614	3/11/2015
-87.053601	35.596441	3/11/2015
-94.977095	29.749644	3/12/2015
-94.2633	39.331554	3/13/2015
-89.186425	37.73534	3/13/2015
-90.641222	40.458596	3/13/2015
-88.987588	38.622524	3/13/2015
-89.397723	40.157926	3/14/2015
-90.244319	39.723223	3/14/2015
-89.954797	38.514528	3/14/2015
-93.070888	39.790852	3/15/2015
-87.885889	37.110323	3/16/2015
-89.103355	32.771188	3/16/2015
-96.627313	33.222766	3/17/2015
-96.464213	36.317854	3/17/2015
-94.739412	37.006126	3/17/2015
-93.844736	35.502268	3/17/2015
-96.247637	35.072406	3/17/2015
-97.0988	32.007636	3/18/2015
-97.48443	35.220425	3/18/2015
-89.667248	39.182687	3/18/2015
-94.015091	30.905547	3/19/2015
-89.735503	33.471565	3/19/2015
-88.969827	37.74193	3/19/2015
-97.012005	33.045681	3/19/2015
-88.571497	35.139496	3/19/2015
-93.267125	38.709207	3/19/2015
-97.339667	32.529497	3/20/2015
-97.760235	35.49673	3/20/2015
-89.703527	38.140855	3/20/2015
-88.960256	38.312227	3/21/2015
-96.994754	34.506304	3/21/2015
-94.182678	33.113989	3/21/2015
-97.972644	35.510946	3/21/2015
-97.360422	32.360272	3/22/2015
-90.536864	35.690659	3/22/2015
-93.71448	35.291909	3/22/2015
-96.645828	34.781583	3/23/2015
-96.137671	34.370641	3/24/2015
-89.222618	37.463057	3/24/2015
-94.471038	39.22342	3/24/2015
-90.595304	36.411387	3/25/2015
-95.436583	31.316108	3/25/2015
-89.167463	37.354718	3/25/2015
-87.060804	35.204108	3/25/2015
-89.380071	32.97513	3/26/2015
-95.90001	33.257922	3/26/2015
-94.843616	38.694721	3/27/2015
-90.875475	38.813636	3/27/2015
-92.653644	31.936231	3/27/2015
-96.010725	36.368576	3/27/2015
-95.974971	35.439822	3/27/2015
-96.457597	31.685669	3/27/2015
-95.099342	30.335157	3/27/2015
-93.384076	38.242914	3/29/2015
-95.482294	32.688034	3/29/2015
-89.238858	38.02354	3/30/2015
-90.315406	39.104947	3/30/2015
-88.094511	38.739478	3/31/2015
-89.958252	38.777707	3/31/2015
-87.91782	37.682787	3/31/2015
-88.706773	34.314085	4/1/2015
-96.562685	32.853534	4/1/2015
-96.848818	32.386291	4/2/2015
-93.063281	34.455934	4/2/2015
-88.935069	37.993939	4/2/2015
-87.380157	36.062288	4/2/2015
-96.303092	32.737185	4/3/2015
-97.095407	32.931013	4/4/2015
-94.475182	37.13358	4/4/2015
-88.235245	35.202992	4/4/2015
-98.422383	34.619294	4/4/2015
-93.05554	32.800239	4/5/2015
-97.78748	33.470038	4/5/2015
-86.819722	35.947623	4/6/2015
-88.351989	34.186772	4/6/2015
-88.20244	34.804522	4/6/2015
-94.951247	30.711104	4/7/2015
-95.124472	35.253884	4/8/2015
-97.493206	35.31996	4/8/2015
-93.691677	32.52245	4/8/2015
-94.413202	34.047941	4/8/2015
-97.008993	30.652157	4/9/2015
-92.029373	35.507387	4/9/2015
-86.57136	36.696825	4/9/2015
-93.838805	30.022938	4/9/2015
-97.132479	32.579046	4/9/2015
-94.942365	30.722199	4/10/2015
-96.620744	32.330973	4/10/2015
-87.568571	33.904134	4/11/2015
-94.426614	30.766353	4/12/2015
-91.38329	33.61007	4/12/2015
-97.460945	29.515445	4/12/2015
-97.668555	29.863313	4/13/2015
-96.070721	30.397168	4/14/2015
-87.105483	37.288826	4/14/2015
-90.656645	38.506004	4/15/2015
-93.16404	35.230807	4/15/2015
-95.235631	30.105493	4/15/2015
-86.156364	34.214275	4/15/2015
-86.43503	36.951395	4/15/2015
-85.761648	33.782651	4/15/2015
-85.988924	34.009877	4/16/2015
-89.313314	37.789031	4/17/2015
-89.958081	34.622123	4/17/2015
-86.886783	36.482569	4/17/2015
-89.546376	32.7286	4/18/2015
-86.565334	34.3158	4/18/2015
-92.150163	32.501848	4/19/2015
-86.045845	35.455293	4/19/2015
-92.096269	29.97034	4/20/2015
-92.364425	30.2307	4/21/2015
-91.513567	29.812711	4/21/2015
-92.277124	30.69783	4/21/2015
-90.570608	38.410447	4/21/2015
-86.567999	35.140415	4/22/2015
-86.45029	33.971239	4/22/2015
-86.091264	33.997147	4/22/2015
-88.740381	39.06167	4/22/2015
-94.446312	34.64201	4/22/2015
-94.492649	38.81278	4/23/2015
-96.899313	31.306295	4/23/2015
-96.411065	30.150335	4/23/2015
-96.332769	30.658718	4/24/2015
-93.710773	32.031006	4/24/2015
-96.391073	35.828294	4/24/2015
-94.074012	38.99639	4/24/2015
-93.718329	39.076045	4/25/2015
-94.805651	36.418203	4/25/2015
-90.153926	38.360853	4/25/2015
-85.818398	33.7183	4/26/2015
-96.997161	28.877441	4/26/2015
-93.325516	30.232566	4/26/2015
-86.706386	34.769813	4/27/2015
-86.877488	37.414584	4/28/2015
-89.901694	39.279782	4/28/2015
-88.854223	35.667654	4/28/2015
-92.398912	34.289155	4/29/2015
-90.433984	37.78946	4/29/2015
-94.296861	37.508334	4/29/2015
-92.396949	33.833459	4/29/2015
-95.529621	35.471623	4/29/2015
-96.605302	39.84182	4/29/2015
-95.508326	39.848765	4/30/2015
-89.298183	39.558586	4/30/2015
-96.288709	29.217384	5/2/2015
-95.612415	31.73453	5/3/2015
-97.109203	37.788982	5/3/2015
-90.659502	33.457907	5/3/2015
-91.802762	33.62415	5/3/2015
-91.38306	33.601099	5/3/2015
-97.597771	40.826699	5/4/2015
-89.807025	37.924822	5/5/2015
-98.5831	33.082052	5/5/2015
-91.526961	38.332654	5/5/2015
-85.420469	32.635618	5/6/2015
-85.484816	32.588862	5/7/2015
-92.8431	38.43165	5/7/2015
-94.22097	35.485448	5/7/2015
-94.149785	36.123675	5/8/2015
-96.738535	35.985615	5/8/2015
-89.977267	38.690981	5/8/2015
-87.823281	33.856473	5/8/2015
-93.213377	39.112976	5/10/2015
-94.191628	31.806006	5/10/2015
-90.047346	32.283711	5/11/2015
-84.379288	35.505072	5/11/2015
-95.237915	37.340299	5/12/2015
-96.995748	37.226692	5/12/2015
-97.411838	37.267309	5/12/2015
-97.794721	32.433889	5/14/2015
-100.032825	37.767305	5/14/2015
-93.738632	36.08544	5/15/2015
-95.632288	35.951831	5/15/2015
-86.569876	34.705239	5/16/2015
-93.708091	32.539454	5/17/2015
-88.182856	32.592301	5/17/2015
-95.747914	39.45899	5/17/2015
-93.230183	36.96811	5/19/2015
-94.106811	34.900424	5/19/2015
-97.871911	31.120622	5/19/2015
-95.267769	38.583198	5/20/2015
-94.178879	30.348039	5/20/2015
-94.221722	30.264329	5/20/2015
-97.270427	29.087744	5/20/2015
-92.655425	30.244353	5/20/2015
-96.861279	35.70978	5/21/2015
-94.399057	35.405139	5/21/2015
-97.485904	35.624061	5/21/2015
-86.387259	35.833563	5/21/2015
-88.740315	34.255924	5/21/2015
-98.698625	35.526036	5/22/2015
-88.807537	35.550885	5/23/2015
-87.274311	34.493092	5/23/2015
-98.295955	26.196499	5/23/2015
-82.682347	34.556328	5/25/2015
-98.205526	26.190704	5/25/2015
-94.730693	32.540684	5/26/2015
-94.788633	32.532145	5/26/2015
-95.489077	30.330806	5/26/2015
-91.236667	30.27436	5/27/2015
-91.906075	30.284979	5/27/2015
-87.723038	34.496537	5/27/2015
-97.91561	29.881646	5/27/2015
-93.268628	31.121821	5/27/2015
-86.51354	35.975342	5/28/2015
-97.728272	31.09129	5/28/2015
-93.95115	29.915132	5/28/2015
-87.584828	34.245079	5/28/2015
-88.314628	36.625678	5/29/2015
-88.989636	33.896097	5/29/2015
-95.830723	32.209545	5/29/2015
-97.222158	26.071566	5/30/2015
-98.557289	34.093185	5/30/2015
-91.831899	30.214556	5/31/2015
-95.596241	33.119489	5/31/2015
-97.171163	40.147655	6/1/2015
-98.717807	37.645751	6/2/2015
-98.520468	33.939447	6/2/2015
-97.597075	33.236029	6/3/2015
-87.725656	39.005983	6/3/2015
-86.833945	33.255131	6/3/2015
-86.608861	32.818873	6/3/2015
-86.592746	34.080187	6/3/2015
-96.876843	33.071763	6/5/2015
-96.151878	33.065629	6/5/2015
-91.143552	30.648448	6/6/2015
-98.180103	26.303988	6/6/2015
-88.628286	36.724478	6/6/2015
-88.569262	37.053191	6/6/2015
-86.081362	33.435023	6/6/2015
-86.593406	34.763019	6/7/2015
-86.567313	34.61721	6/7/2015
-89.686235	38.759139	6/8/2015
-89.389294	38.610049	6/8/2015
-96.161913	29.806195	6/8/2015
-98.945702	32.759305	6/9/2015
-97.042436	28.047316	6/9/2015
-97.874347	27.531722	6/9/2015
-99.128055	29.348251	6/9/2015
-93.295618	37.155281	6/10/2015
-86.264718	37.488179	6/11/2015
-95.896767	30.956287	6/11/2015
-100.774543	29.917987	6/11/2015
-93.866701	32.449005	6/11/2015
-93.940506	29.94126	6/11/2015
-93.815733	32.388247	6/12/2015
-92.334783	38.91019	6/13/2015
-98.230656	26.288406	6/13/2015
-89.970629	36.570079	6/13/2015
-88.186146	38.076863	6/14/2015
-97.538814	25.968336	6/14/2015
-94.016113	30.143463	6/15/2015
-97.176606	27.92463	6/16/2015
-83.833218	33.599281	6/16/2015
-89.085665	39.389765	6/17/2015
-100.483477	28.700617	6/17/2015
-95.232976	29.409478	6/18/2015
-97.735385	28.391192	6/19/2015
-97.630858	27.853599	6/19/2015
-98.164182	29.151735	6/19/2015
-89.011575	35.265482	6/20/2015
-97.08993	33.228239	6/21/2015
-94.042591	33.460491	6/21/2015
-93.157503	30.158227	6/22/2015
-97.440219	27.74147	6/22/2015
-96.82203	32.591803	6/22/2015
-95.820382	36.060865	6/22/2015
-96.921694	30.180111	6/23/2015
-96.650283	28.984983	6/23/2015
-97.691933	30.540148	6/23/2015
-97.705979	31.433179	6/23/2015
-85.203953	35.23384	6/24/2015
-99.093112	28.898901	6/25/2015
-99.334036	34.665383	6/25/2015
-90.824102	39.60442	6/26/2015
-88.334949	39.476713	6/26/2015
-95.659639	29.1498	6/27/2015
-86.418075	32.460489	6/28/2015
-95.260463	38.924551	6/29/2015
-90.945194	30.086295	6/30/2015
-94.879553	39.087077	7/1/2015
-88.975299	40.148567	7/1/2015
-84.592851	30.557574	7/2/2015
-90.491604	30.502339	7/2/2015
-97.28379	27.668997	7/2/2015
-88.687963	37.076278	7/2/2015
-87.495984	38.667744	7/3/2015
-84.174401	38.013307	7/3/2015
-84.760821	33.395714	7/3/2015
-88.43677	33.528639	7/3/2015
-85.276062	38.189188	7/4/2015
-92.106343	31.674041	7/4/2015
-97.907266	36.381571	7/4/2015
-106.439181	31.89846	7/4/2015
-89.14864	31.709182	7/5/2015
-90.31335	29.446818	7/5/2015
-96.540284	29.694746	7/5/2015
-94.831348	29.263653	7/5/2015
-93.285729	30.864985	7/6/2015
-88.573152	38.650807	7/6/2015
-84.899215	38.022265	7/6/2015
-99.168143	30.060845	7/6/2015
-83.847351	34.292711	7/6/2015
-80.388897	33.956907	7/7/2015
-106.341143	31.750407	7/7/2015
-101.471059	32.229209	7/7/2015
-81.715023	33.51502	7/7/2015
-84.08839	35.039986	7/7/2015
-96.129007	32.330886	7/7/2015
-97.743945	35.391724	7/7/2015
-84.464221	34.257931	7/7/2015
-84.841483	37.745066	7/8/2015
-83.804245	34.002518	7/8/2015
-93.184715	30.231258	7/9/2015
-95.063361	29.893088	7/9/2015
-94.79262	32.012645	7/9/2015
-97.856529	28.826352	7/9/2015
-85.542865	38.299554	7/9/2015
-95.433791	29.194918	7/9/2015
-82.531243	27.447422	7/10/2015
-95.034303	29.403463	7/10/2015
-92.157314	33.058821	7/10/2015
-92.075017	30.187424	7/11/2015
-90.910032	30.234462	7/12/2015
-91.814929	29.982547	7/12/2015
-92.006586	30.219494	7/12/2015
-99.779479	32.409405	7/12/2015
-99.698151	32.478166	7/12/2015
-102.334183	31.893937	7/13/2015
-82.339114	29.676986	7/13/2015
-92.452948	31.277148	7/13/2015
-91.268275	29.681437	7/13/2015
-90.082389	30.443048	7/14/2015
-90.751615	29.610503	7/14/2015
-92.070439	30.518942	7/15/2015
-97.39406	35.464057	7/16/2015
-83.89083	36.871607	7/16/2015
-95.759419	29.480238	7/16/2015
-82.55324	28.18167	7/16/2015
-83.993228	33.97314	7/16/2015
-103.161193	32.740598	7/16/2015
-87.699188	38.727794	7/16/2015
-81.65351	29.63082	7/17/2015
-82.851271	37.119542	7/17/2015
-89.746259	30.281329	7/17/2015
-99.504215	27.553054	7/17/2015
-82.959954	32.54338	7/17/2015
-82.333624	31.20355	7/18/2015
-96.217062	38.425862	7/18/2015
-97.612864	38.785894	7/18/2015
-91.0861	41.392696	7/19/2015
-94.814994	39.802308	7/20/2015
-98.816396	32.401764	7/20/2015
-86.523268	33.557955	7/21/2015
-81.281504	28.913389	7/21/2015
-97.622242	35.464166	7/21/2015
-96.506518	32.069187	7/22/2015
-87.305445	38.051493	7/22/2015
-96.687323	30.531067	7/22/2015
-85.95489	36.262909	7/23/2015
-85.302253	37.096866	7/23/2015
-84.536161	38.231379	7/23/2015
-94.866577	32.391981	7/23/2015
-94.362485	38.931145	7/23/2015
-78.983347	33.644416	7/24/2015
-84.481259	34.087324	7/24/2015
-95.886698	36.159688	7/25/2015
-94.757144	38.919328	7/25/2015
-83.570793	35.839894	7/25/2015
-81.325172	29.881176	7/25/2015
-81.832692	27.902644	7/26/2015
-92.912278	42.013131	7/26/2015
-81.02436	29.115246	7/27/2015
-84.486699	36.534016	7/27/2015
-84.596609	38.732567	7/27/2015
-80.961787	34.94168	7/28/2015
-79.08906	33.859839	7/29/2015
-85.79877	36.178932	7/29/2015
-84.218859	31.62256	7/30/2015
-85.667819	38.089533	7/30/2015
-97.394131	32.679435	7/30/2015
-84.297613	38.389095	7/30/2015
-97.500756	37.604015	7/31/2015
-82.877349	31.527836	7/31/2015
-84.439328	33.48031	8/1/2015
-97.759918	26.223224	8/1/2015
-89.02751	37.787277	8/2/2015
-95.534165	29.96808	8/3/2015
-99.085918	40.669404	8/3/2015
-82.516054	36.509681	8/3/2015
-100.966337	35.544869	8/3/2015
-100.511042	31.428215	8/4/2015
-95.451852	30.126704	8/4/2015
-89.59527	40.541464	8/5/2015
-85.440708	31.264171	8/5/2015
-81.121658	31.998215	8/5/2015
-81.009469	32.043349	8/5/2015
-99.093809	35.015646	8/5/2015
-102.145789	32.029465	8/5/2015
-91.392187	39.7228	8/6/2015
-98.233022	32.206039	8/6/2015
-104.554009	33.62722	8/7/2015
-88.160688	39.485147	8/7/2015
-81.113508	29.25763	8/7/2015
-85.028376	33.066495	8/7/2015
-84.790607	34.203382	8/7/2015
-80.930858	33.553351	8/7/2015
-87.423001	39.102934	8/8/2015
-84.758296	33.892429	8/8/2015
-85.046286	35.460147	8/8/2015
-82.400393	36.467699	8/8/2015
-79.756106	33.877233	8/9/2015
-97.536521	35.521948	8/9/2015
-81.898675	26.681991	8/9/2015
-81.590175	34.28268	8/9/2015
-79.288983	33.387651	8/10/2015
-102.805355	32.671912	8/11/2015
-79.369733	34.435917	8/11/2015
-80.123561	32.923752	8/12/2015
-81.634898	34.707343	8/12/2015
-79.823448	34.187924	8/12/2015
-82.602127	34.813032	8/12/2015
-79.854014	32.813224	8/12/2015
-89.926293	41.222206	8/12/2015
-80.647433	34.249183	8/14/2015
-81.257133	31.997565	8/14/2015
-89.473361	41.394746	8/14/2015
-99.718408	40.873227	8/14/2015
-82.027465	34.960603	8/15/2015
-81.480436	31.214688	8/15/2015
-82.281086	34.820794	8/15/2015
-82.457108	34.85575	8/15/2015
-79.909697	34.693166	8/16/2015
-78.790067	33.764983	8/16/2015
-82.649407	34.499762	8/17/2015
-97.443413	42.023651	8/17/2015
-91.265282	42.103519	8/19/2015
-92.727286	41.733175	8/19/2015
-90.57835	38.778301	8/19/2015
-94.164167	30.12181	8/19/2015
-87.470671	36.831327	8/20/2015
-87.474035	37.326283	8/20/2015
-86.455623	35.513778	8/20/2015
-85.500953	36.144455	8/21/2015
-85.228016	34.274618	8/21/2015
-87.694946	34.745215	8/21/2015
-86.968498	34.789771	8/22/2015
-87.000151	34.557584	8/22/2015
-84.626852	35.452684	8/22/2015
-99.317811	38.898261	8/22/2015
-85.371455	37.346188	8/22/2015
-81.437188	27.466829	8/23/2015
-86.239488	35.39175	8/23/2015
-85.774544	35.680512	8/23/2015
-84.923698	34.770894	8/23/2015
-86.83404	34.15151	8/23/2015
-86.29456	36.191873	8/25/2015
-84.137882	35.798514	8/25/2015
-87.290151	36.592302	8/25/2015
-86.46892	36.377775	8/25/2015
-89.077604	36.412606	8/25/2015
-84.684002	35.867889	8/26/2015
-89.395806	36.063421	8/26/2015
-83.209443	35.942189	8/26/2015
-82.76181	36.185767	8/27/2015
-86.292442	34.359465	8/27/2015
-86.427338	35.846252	8/27/2015
-87.330182	35.2414	8/27/2015
-88.407925	35.656506	8/28/2015
-83.257458	36.216156	8/28/2015
-83.263577	31.713502	8/28/2015
-85.038579	35.982151	8/28/2015
-86.71378	36.049308	8/29/2015
-84.518445	37.131938	8/29/2015
-82.225994	36.380523	8/29/2015
-85.758957	34.438506	8/30/2015
-84.772962	37.613944	8/30/2015
-83.378637	37.554735	8/31/2015
-87.569792	37.87191	9/1/2015
-86.686504	36.306389	9/1/2015
-82.652656	37.635654	9/1/2015
-82.156669	29.172714	9/2/2015
-84.857362	35.19438	9/3/2015
-89.571109	34.361253	9/4/2015
-87.010711	32.431475	9/4/2015
-87.124443	37.719909	9/4/2015
-84.209341	37.988757	9/4/2015
-95.625259	30.070881	9/4/2015
-81.676332	28.82107	9/5/2015
-82.183832	28.20918	9/5/2015
-90.570869	34.192355	9/5/2015
-90.891844	32.306432	9/5/2015
-85.885464	37.731244	9/6/2015
-86.610512	36.208968	9/6/2015
-85.933994	37.022278	9/6/2015
-86.00753	34.671991	9/7/2015
-82.187565	28.341526	9/8/2015
-90.148769	35.506313	9/9/2015
-87.516711	33.16847	9/9/2015
-90.230223	33.529739	9/9/2015
-81.821183	28.056651	9/9/2015
-84.274684	37.733307	9/10/2015
-84.900117	38.159391	9/10/2015
-82.141655	27.014357	9/10/2015
-85.073298	33.561112	9/10/2015
-85.947451	31.780796	9/10/2015
-83.467489	36.127334	9/11/2015
-81.636881	28.060048	9/11/2015
-85.971831	32.934204	9/12/2015
-85.228152	34.043932	9/12/2015
-80.723944	32.209078	9/13/2015
-85.458379	37.825448	9/13/2015
-86.344988	33.256696	9/13/2015
-87.823794	32.503315	9/14/2015
-85.156651	32.787582	9/14/2015
-85.86491	31.33345	9/15/2015
-86.100605	35.218471	9/15/2015
-86.756304	36.982378	9/15/2015
-86.77713	35.451803	9/15/2015
-88.115125	36.063932	9/15/2015
-83.701883	36.609598	9/16/2015
-85.637269	31.436409	9/17/2015
-84.28293	35.830661	9/17/2015
-82.599458	36.555527	9/18/2015
-97.506789	35.392054	9/18/2015
-95.160827	29.999025	9/19/2015
-84.195875	33.525234	9/19/2015
-97.367657	31.074282	9/20/2015
-90.167758	38.555376	9/20/2015
-93.014482	41.697338	9/21/2015
-91.899273	42.450635	9/21/2015
-92.900837	41.397245	9/21/2015
-95.162848	29.6496	9/21/2015
-92.438952	42.485104	9/21/2015
-81.755819	32.434062	9/21/2015
-101.920175	35.161416	9/22/2015
-85.314675	34.519829	9/22/2015
-98.513495	28.939655	9/22/2015
-84.211337	32.071174	9/22/2015
-81.81595	27.569388	9/23/2015
-86.438313	37.760211	9/23/2015
-91.0278	29.944816	9/23/2015
-86.700028	33.587473	9/23/2015
-86.917763	33.467986	9/23/2015
-87.002726	33.36711	9/24/2015
-98.355244	29.590106	9/24/2015
-87.625678	34.836123	9/24/2015
-82.65833	30.181999	9/25/2015
-95.718906	29.787293	9/25/2015
-82.398849	27.049892	9/25/2015
-98.785795	38.361799	9/26/2015
-80.669938	28.357318	9/26/2015
-95.644052	29.766322	9/27/2015
-92.415191	30.494909	9/27/2015
-97.335275	41.438394	9/27/2015
-90.38243	40.973143	9/28/2015
-96.445008	41.451308	9/28/2015
-93.766695	30.093007	9/29/2015
-82.030143	26.897965	9/29/2015
-81.957075	27.999994	9/30/2015
-83.738719	33.791765	10/2/2015
-98.284862	30.528091	10/2/2015
-99.755926	29.229993	10/2/2015
-92.464337	39.752124	10/2/2015
-91.539256	40.964528	10/4/2015
-88.632646	31.685818	10/4/2015
-88.726171	41.951901	10/4/2015
-84.411854	33.578944	10/5/2015
-92.463168	35.597905	10/5/2015
-96.596584	32.790225	10/5/2015
-100.642146	40.199023	10/5/2015
-98.040833	27.767767	10/6/2015
-90.727977	41.197614	10/7/2015
-101.919464	34.970475	10/9/2015
-97.888	38.072269	10/9/2015
-81.391125	33.240378	10/10/2015
-89.128426	41.358221	10/10/2015
-91.159164	40.812974	10/10/2015
-88.054678	38.731919	10/10/2015
-100.796101	37.068206	10/10/2015
-81.896965	28.843305	10/11/2015
-94.873872	40.330534	10/11/2015
-89.662927	42.603531	10/11/2015
-89.86413	30.789718	10/11/2015
-98.082921	32.813761	10/12/2015
-90.440171	38.508079	10/12/2015
-106.75364	32.300289	10/14/2015
-97.249918	32.840649	10/14/2015
-95.45712	29.047464	10/14/2015
-85.831604	33.600442	10/14/2015
-93.262574	43.148346	10/14/2015
-81.84722	27.210839	10/15/2015
-101.973451	35.842866	10/15/2015
-98.982824	31.728623	10/15/2015
-80.829876	27.221784	10/15/2015
-92.620587	38.148015	10/15/2015
-90.46472	31.578971	10/15/2015
-81.46003	28.303964	10/15/2015
-85.805595	30.177957	10/16/2015
-81.940701	26.622066	10/16/2015
-92.740711	38.957415	10/16/2015
-103.196483	34.43615	10/16/2015
-101.794377	35.221924	10/17/2015
-97.071113	36.738557	10/17/2015
-106.553852	35.146124	10/18/2015
-84.650325	37.543251	10/18/2015
-108.152909	36.764769	10/19/2015
-95.876187	32.543228	10/20/2015
-86.370236	39.712772	10/20/2015
-105.985311	35.658525	10/20/2015
-89.689464	41.76369	10/20/2015
-106.586238	35.075706	10/20/2015
-88.177801	38.090322	10/21/2015
-94.966004	40.129338	10/21/2015
-106.532327	35.078253	10/21/2015
-81.591788	30.755437	10/22/2015
-91.54063	36.523399	10/22/2015
-96.101183	36.136843	10/22/2015
-91.090842	30.460601	10/24/2015
-91.128397	41.777435	10/24/2015
-104.606895	38.307176	10/24/2015
-84.197803	31.233138	10/24/2015
-88.415712	41.306802	10/24/2015
-93.086149	37.640088	10/24/2015
-96.908488	29.903939	10/24/2015
-90.136839	42.972854	10/25/2015
-89.994489	34.962973	10/26/2015
-95.739917	30.218086	10/26/2015
-106.604189	35.111084	10/26/2015
-105.612315	33.325956	10/27/2015
-88.836073	41.371577	10/28/2015
-88.225461	30.670152	10/28/2015
-86.480694	40.278847	10/28/2015
-84.533129	33.566986	10/28/2015
-85.176914	33.771718	10/29/2015
-81.285697	28.759509	10/29/2015
-84.20354	30.885569	10/30/2015
-81.554593	27.894178	10/30/2015
-81.303446	29.028975	10/30/2015
-101.900827	33.529164	10/30/2015
-81.599724	31.821608	10/30/2015
-85.395546	33.178275	10/30/2015
-82.403806	32.162321	10/31/2015
-98.170843	29.665781	10/31/2015
-88.147577	30.6433	11/1/2015
-103.675246	41.856223	11/1/2015
-104.228969	32.42151	11/1/2015
-105.893671	37.480201	11/2/2015
-86.937938	38.428204	11/3/2015
-91.702391	37.00161	11/4/2015
-95.286164	29.570863	11/4/2015
-105.584679	36.38711	11/4/2015
-91.383879	31.57559	11/4/2015
-90.132128	32.422311	11/5/2015
-93.490726	31.566293	11/5/2015
-80.564546	35.010727	11/5/2015
-84.130642	34.18401	11/5/2015
-86.036453	36.520788	11/6/2015
-96.955873	32.836697	11/6/2015
-81.223628	33.995801	11/6/2015
-91.151091	43.048959	11/9/2015
-97.618877	26.455624	11/9/2015
-85.742663	39.523578	11/9/2015
-97.101632	40.876239	11/9/2015
-94.126925	42.446058	11/9/2015
-89.235132	31.349247	11/10/2015
-94.346123	38.25693	11/10/2015
-83.911003	30.754288	11/10/2015
-81.275669	28.568367	11/10/2015
-89.653021	41.812719	11/11/2015
-93.582537	41.704854	11/11/2015
-97.6046	34.849973	11/11/2015
-95.890785	36.101775	11/11/2015
-91.402688	38.07381	11/12/2015
-97.03667	32.675913	11/13/2015
-102.896744	30.893925	11/13/2015
-103.486503	31.408993	11/13/2015
-83.318745	30.828561	11/14/2015
-100.232881	34.437014	11/15/2015
-97.949301	29.551237	11/15/2015
-86.820036	39.64618	11/15/2015
-90.266577	32.290755	11/15/2015
-87.683161	30.379647	11/16/2015
-105.130679	40.153433	11/16/2015
-108.759967	35.530271	11/17/2015
-83.938435	33.037099	11/17/2015
-81.427674	28.452324	11/17/2015
-89.96473	29.942926	11/17/2015
-88.414104	42.593056	11/17/2015
-90.091807	29.874633	11/17/2015
-89.985988	30.035044	11/18/2015
-91.755455	43.288427	11/18/2015
-93.883535	36.675692	11/19/2015
-95.572585	29.641819	11/19/2015
-89.382146	31.321602	11/19/2015
-99.332852	31.107129	11/20/2015
-94.351081	32.53042	11/20/2015
-86.616286	30.424132	11/20/2015
-106.023766	38.522664	11/21/2015
-86.127899	38.23503	11/22/2015
-85.997986	40.037709	11/22/2015
-103.233949	40.625061	11/22/2015
-82.294119	27.981543	11/23/2015
-98.144313	27.226112	11/23/2015
-101.749136	34.160959	11/24/2015
-80.313322	27.312492	11/24/2015
-86.23494	32.328324	11/24/2015
-80.443548	27.638695	11/25/2015
-84.288028	33.255931	11/25/2015
-89.068155	41.937222	11/25/2015
-87.908156	30.625383	11/26/2015
-90.956768	30.473562	11/27/2015
-88.557141	39.140009	11/28/2015
-84.546922	34.035019	11/29/2015
-86.186031	32.382347	11/29/2015
-97.166926	31.524137	11/29/2015
-97.451763	32.745588	11/29/2015
-82.270216	27.893618	11/29/2015
-81.533324	28.551688	11/30/2015
-81.341471	28.660587	11/30/2015
-86.56858	30.725954	11/30/2015
-101.936832	33.588168	12/1/2015
-90.707898	37.075051	12/1/2015
-96.606247	33.670282	12/2/2015
-81.402475	35.724135	12/2/2015
-96.863931	32.647579	12/2/2015
-89.783594	35.204443	12/2/2015
-96.07842	30.098339	12/2/2015
-83.761721	31.188796	12/2/2015
-105.044586	40.405701	12/3/2015
-81.509517	28.661943	12/4/2015
-80.582577	28.138661	12/4/2015
-90.157592	41.431191	12/5/2015
-82.14107	28.66866	12/5/2015
-82.45391	29.062286	12/5/2015
-90.496509	30.072713	12/5/2015
-104.52247	37.138711	12/5/2015
-97.797277	32.760557	12/6/2015
-106.315139	31.682956	12/6/2015
-90.495806	44.01918	12/6/2015
-108.56326	37.348912	12/8/2015
-89.092335	30.422517	12/8/2015
-89.665678	30.509763	12/9/2015
-90.88896	43.567009	12/9/2015
-97.467863	32.817009	12/10/2015
-80.376079	27.420192	12/10/2015
-80.651566	28.035265	12/10/2015
-96.416668	33.997972	12/11/2015
-91.726477	32.180695	12/12/2015
-97.040117	37.09263	12/12/2015
-90.83239	43.938935	12/12/2015
-104.715874	40.386162	12/12/2015
-88.694559	32.365519	12/12/2015
-93.241193	44.09559	12/12/2015
-104.863626	39.406288	12/12/2015
-106.092421	39.592472	12/13/2015
-81.862277	26.528135	12/13/2015
-82.475397	28.261003	12/13/2015
-90.208678	30.00529	12/13/2015
-87.117648	30.603297	12/14/2015
-88.124947	30.68726	12/14/2015
-97.629879	38.368181	12/14/2015
-82.67598	28.20647	12/14/2015
-86.067761	39.500161	12/14/2015
-86.771515	39.286987	12/14/2015
-97.480008	25.921519	12/14/2015
-87.166125	39.034976	12/14/2015
-88.481816	41.661417	12/15/2015
-82.614855	27.462454	12/16/2015
-92.475665	42.725521	12/17/2015
-83.760594	31.961499	12/17/2015
-105.078812	40.52262	12/18/2015
-93.460031	37.129429	12/18/2015
-79.820402	34.956578	12/18/2015
-81.231698	32.280037	12/19/2015
-88.810313	43.485626	12/19/2015
-87.431132	39.657485	12/20/2015
-94.372645	39.052102	12/20/2015
-106.507436	31.790205	12/21/2015
-90.816236	29.805868	12/21/2015
-80.224356	33.697117	12/21/2015
-93.35521	43.701624	12/21/2015
-91.136266	38.805917	12/21/2015
-95.351221	32.355401	12/21/2015
-80.878921	36.692182	12/21/2015
-82.336412	32.596106	12/22/2015
-90.471909	31.26065	12/22/2015
-86.507375	38.861016	12/22/2015
-80.608527	35.399801	12/22/2015
-89.587469	40.682138	12/23/2015
-82.576402	28.803717	12/24/2015
-80.796404	34.733475	12/24/2015
-89.891967	35.076782	12/24/2015
-85.668294	30.189716	12/24/2015
-85.86253	38.958104	12/24/2015
-81.531857	35.275438	12/25/2015
-81.948285	34.95444	12/26/2015
-81.834064	35.239359	12/26/2015
-80.154073	33.037002	12/26/2015
-93.507358	44.078508	12/26/2015
-80.621111	36.473262	12/27/2015
-95.650383	29.879146	12/27/2015
-97.99098	26.173408	12/27/2015
-97.337895	30.108125	12/28/2015
-97.227753	34.735654	12/29/2015
-95.271647	32.307169	12/29/2015
-99.857177	28.521258	12/30/2015
-84.337241	33.591247	12/30/2015
-84.162354	36.726324	12/31/2015
-101.948137	32.756018	1/1/2016
-102.359177	33.593923	1/2/2016
-87.837913	33.64552	1/2/2016
-85.371422	38.397682	1/2/2016
-96.640943	32.983852	1/3/2016
-97.279563	35.548567	1/4/2016
-85.912539	32.547735	1/4/2016
-107.866381	38.447911	1/5/2016
-89.481035	32.355893	1/5/2016
-82.589131	31.865579	1/5/2016
-95.155878	29.552155	1/5/2016
-85.879629	31.036624	1/5/2016
-81.526117	35.925187	1/5/2016
-93.612239	33.683168	1/6/2016
-88.527354	30.377932	1/6/2016
-96.939882	29.461416	1/6/2016
-80.483098	27.799123	1/8/2016
-89.08728	32.300145	1/8/2016
-84.493207	34.658482	1/10/2016
-90.073819	38.866233	1/10/2016
-83.434702	31.431396	1/11/2016
-98.161657	31.063839	1/11/2016
-89.820169	33.771253	1/11/2016
-87.410626	36.581569	1/11/2016
-83.613281	32.862333	1/12/2016
-84.215648	30.428121	1/12/2016
-99.963883	31.718399	1/13/2016
-81.032	29.214181	1/13/2016
-82.396046	36.359146	1/14/2016
-82.387263	29.616668	1/14/2016
-81.627866	30.175529	1/15/2016
-81.759439	30.302996	1/15/2016
-81.310249	28.505092	1/16/2016
-82.715732	28.283122	1/16/2016
-81.316621	28.253382	1/16/2016
-80.218903	27.152828	1/16/2016
-88.974661	30.401959	1/16/2016
-85.676009	35.045702	1/16/2016
-81.755434	30.248367	1/17/2016
-86.26691	31.285368	1/17/2016
-102.256832	33.181049	1/17/2016
-88.129339	40.312446	1/17/2016
-94.482273	39.002371	1/17/2016
-80.586678	35.926433	1/18/2016
-79.421762	35.159951	1/18/2016
-96.6905	28.64339	1/18/2016
-97.332883	37.649723	1/18/2016
-87.989725	34.124334	1/18/2016
-86.214624	32.507029	1/19/2016
-91.12751	30.577837	1/19/2016
-95.477402	29.999485	1/19/2016
-82.387964	28.853645	1/20/2016
-92.218443	34.789263	1/20/2016
-91.558798	31.617641	1/20/2016
-92.68802	30.767135	1/21/2016
-91.383031	32.860999	1/23/2016
-91.759108	32.473295	1/25/2016
-92.398229	32.772026	1/26/2016
-82.87653	34.4429	1/27/2016
-84.328263	32.898112	1/27/2016
-84.133433	37.081952	1/27/2016
-92.106046	35.86721	1/27/2016
-87.528674	35.560503	1/27/2016
-97.966809	34.526544	1/27/2016
-96.694588	33.057085	1/27/2016
-96.616019	32.734107	1/27/2016
-81.762511	26.123173	1/28/2016
-94.580728	39.227834	1/28/2016
-83.233763	33.07989	1/28/2016
-83.217353	34.51031	1/29/2016
-83.003419	34.684647	1/29/2016
-86.943139	34.444765	1/29/2016
-88.951906	40.514044	1/30/2016
-98.751162	29.817793	1/30/2016
-80.07427	34.96821	1/30/2016
-92.06158	31.102515	1/30/2016
-97.785946	30.471648	1/31/2016
-81.984669	34.493712	1/31/2016
-81.191223	35.933935	1/31/2016
-79.792197	35.695567	1/31/2016
-80.178221	35.34695	1/31/2016
-80.058599	34.355955	2/1/2016
-91.242301	30.451138	2/1/2016
-95.237063	29.691053	2/2/2016
-89.506982	43.050487	2/3/2016
-83.478557	38.188855	2/3/2016
-83.952557	38.07306	2/3/2016
-85.769738	39.813432	2/4/2016
-85.799146	38.685061	2/4/2016
-82.811056	32.979537	2/4/2016
-81.212883	34.985509	2/4/2016
-79.996172	33.192502	2/4/2016
-92.541274	36.221181	2/5/2016
-98.539898	33.877425	2/5/2016
-109.737448	32.839778	2/5/2016
-96.300135	30.595716	2/5/2016
-94.730035	39.11676	2/6/2016
-96.175305	43.056959	2/7/2016
-83.722157	32.810237	2/7/2016
-98.853189	30.258167	2/7/2016
-79.00132	34.665323	2/8/2016
-80.857017	35.588962	2/8/2016
-85.627726	39.004464	2/8/2016
-86.922671	33.580917	2/9/2016
-83.600649	36.442124	2/9/2016
-84.892837	39.074556	2/10/2016
-90.613166	38.798892	2/10/2016
-87.153191	38.652967	2/10/2016
-90.017876	29.91305	2/10/2016
-81.154297	34.075938	2/10/2016
-85.934685	37.832012	2/11/2016
-78.620677	34.632544	2/11/2016
-87.861915	42.58844	2/11/2016
-89.808853	31.242931	2/12/2016
-93.459595	32.984858	2/12/2016
-85.869157	38.103769	2/12/2016
-82.505676	27.392502	2/13/2016
-81.43874	30.287922	2/13/2016
-81.565265	30.287078	2/13/2016
-87.738637	31.946759	2/13/2016
-111.668196	35.176646	2/14/2016
-89.234982	42.917852	2/14/2016
-90.486926	38.596596	2/14/2016
-97.105075	32.860413	2/15/2016
-82.526957	35.51265	2/15/2016
-85.480849	39.358548	2/16/2016
-84.493811	33.909893	2/16/2016
-81.226482	29.552936	2/16/2016
-81.097876	33.983075	2/17/2016
-84.12279	33.825188	2/18/2016
-97.692529	30.338447	2/18/2016
-94.779464	30.076212	2/18/2016
-95.408954	37.940424	2/18/2016
-90.377297	38.725688	2/19/2016
-83.722124	36.599573	2/19/2016
-84.310404	37.567288	2/20/2016
-79.101137	36.043814	2/20/2016
-89.828701	31.830886	2/20/2016
-92.093178	32.524721	2/20/2016
-84.2532	36.006049	2/21/2016
-89.384427	30.30405	2/21/2016
-91.459259	30.683533	2/21/2016
-77.807998	35.979832	2/21/2016
-98.474104	29.219759	2/21/2016
-106.510843	39.631349	2/22/2016
-86.826193	33.648243	2/22/2016
-89.816915	44.391048	2/22/2016
-82.355696	27.712303	2/22/2016
-93.249437	30.194488	2/23/2016
-82.122399	30.274749	2/23/2016
-91.141813	30.418521	2/23/2016
-85.591254	30.126448	2/23/2016
-105.14253	39.766118	2/24/2016
-81.245914	35.436801	2/24/2016
-84.564929	37.899343	2/24/2016
-88.613256	42.399606	2/24/2016
-88.100424	30.802088	2/24/2016
-82.505179	28.533727	2/25/2016
-101.054974	39.357537	2/25/2016
-84.94353	34.480646	2/25/2016
-96.861147	32.95331	2/25/2016
-83.326145	35.206952	2/26/2016
-111.731375	32.87956	2/26/2016
-81.705537	30.454316	2/27/2016
-81.458197	28.541517	2/28/2016
-97.413327	37.673205	2/28/2016
-87.275034	30.527016	2/29/2016
-84.227507	30.54345	3/1/2016
-87.192532	30.495159	3/1/2016
-81.753822	30.150295	3/1/2016
-86.971707	36.211374	3/2/2016
-82.094243	33.509409	3/2/2016
-88.064573	42.379367	3/3/2016
-86.827309	33.570983	3/4/2016
-110.018531	34.200464	3/4/2016
-97.457606	31.080821	3/5/2016
-82.788771	37.822039	3/5/2016
-84.821359	36.868632	3/6/2016
-98.33469	29.269288	3/6/2016
-77.947489	35.386479	3/6/2016
-78.648844	35.324524	3/7/2016
-78.955791	35.080055	3/7/2016
-83.718843	40.105996	3/7/2016
-110.257285	31.56119	3/7/2016
-90.52857	41.577483	3/7/2016
-82.438569	35.348299	3/8/2016
-79.897961	36.695814	3/10/2016
-82.330919	34.906048	3/10/2016
-81.971875	28.086565	3/10/2016
-85.671364	38.137806	3/10/2016
-83.185216	37.255658	3/10/2016
-89.812981	35.050428	3/11/2016
-100.466312	31.487291	3/11/2016
-97.75659	30.219507	3/11/2016
-97.109645	31.595804	3/11/2016
-79.454058	34.786232	3/12/2016
-88.124505	41.517082	3/12/2016
-99.802918	32.958456	3/12/2016
-84.106084	36.972314	3/13/2016
-88.597836	30.902315	3/13/2016
-78.879287	35.110945	3/13/2016
-85.444903	39.629712	3/13/2016
-87.47404	37.980505	3/13/2016
-83.761406	40.330017	3/13/2016
-90.315626	38.770847	3/13/2016
-91.127482	30.563706	3/14/2016
-89.245032	43.176767	3/15/2016
-78.72323	34.301671	3/15/2016
-85.592357	38.21628	3/15/2016
-81.959665	33.500641	3/16/2016
-88.741302	32.371364	3/16/2016
-100.919169	32.697359	3/16/2016
-88.759737	42.834711	3/17/2016
-86.472556	40.065072	3/17/2016
-87.748421	43.750283	3/17/2016
-90.809007	44.308727	3/17/2016
-97.301108	36.289667	3/18/2016
-95.412712	29.915896	3/18/2016
-108.519331	39.077336	3/19/2016
-81.884693	34.972299	3/19/2016
-97.050511	39.820755	3/19/2016
-82.12792	29.920969	3/19/2016
-85.054388	32.507045	3/20/2016
-92.464355	41.373962	3/20/2016
-80.941509	33.962376	3/20/2016
-79.499616	36.069131	3/20/2016
-78.985502	36.38191	3/21/2016
-83.782894	39.451879	3/21/2016
-81.189998	36.151443	3/21/2016
-110.84003	32.235564	3/22/2016
-80.407733	37.129021	3/22/2016
-82.062881	33.421829	3/23/2016
-85.655301	40.409026	3/23/2016
-96.771418	34.089324	3/23/2016
-97.628088	26.1206	3/24/2016
-82.854477	29.481907	3/24/2016
-77.391579	34.778272	3/24/2016
-111.972124	34.702587	3/24/2016
-77.03692	35.042382	3/24/2016
-79.955081	37.208655	3/24/2016
-82.192656	36.604542	3/26/2016
-97.688309	30.639526	3/26/2016
-85.856637	41.270299	3/26/2016
-88.998007	42.718571	3/26/2016
-105.959542	32.887696	3/27/2016
-87.85106	41.162185	3/27/2016
-80.088213	37.288548	3/27/2016
-87.382242	39.362261	3/27/2016
-84.951034	32.519738	3/27/2016
-78.96998	35.173415	3/29/2016
-98.490966	29.35671	3/29/2016
-83.990785	34.085243	3/29/2016
-104.795691	41.160256	3/30/2016
-87.366683	44.845456	3/30/2016
-82.471512	35.592892	3/30/2016
-84.026748	36.007088	3/31/2016
-83.927956	36.08198	3/31/2016
-83.843969	35.90835	3/31/2016
-78.308707	35.520564	3/31/2016
-80.259837	35.791304	4/1/2016
-89.612751	40.727759	4/1/2016
-110.941468	31.334163	4/2/2016
-110.964739	32.286581	4/3/2016
-98.384258	40.917068	4/3/2016
-85.375798	38.782063	4/3/2016
-110.701367	35.040802	4/3/2016
-86.328834	40.758513	4/4/2016
-84.147126	40.753522	4/5/2016
-84.207458	40.287467	4/5/2016
-96.426966	42.463789	4/6/2016
-84.586301	40.874125	4/6/2016
-110.814833	33.412555	4/6/2016
-79.378711	37.832104	4/7/2016
-81.499959	36.844759	4/7/2016
-80.852671	36.287033	4/8/2016
-84.914431	32.466979	4/8/2016
-80.949238	34.07222	4/8/2016
-84.168165	33.703045	4/9/2016
-87.636753	37.981343	4/9/2016
-90.269438	30.022844	4/10/2016
-79.047649	38.138311	4/10/2016
-78.910646	36.733835	4/10/2016
-88.755581	30.408381	4/11/2016
-98.437325	29.492176	4/11/2016
-77.899465	34.14611	4/12/2016
-80.256426	26.167052	4/12/2016
-79.184428	37.35125	4/12/2016
-81.168285	37.78236	4/13/2016
-77.995684	34.743301	4/13/2016
-90.178711	29.953684	4/13/2016
-77.009596	35.53222	4/14/2016
-76.810855	34.734058	4/15/2016
-86.412955	39.430371	4/15/2016
-108.254635	32.78725	4/15/2016
-80.702762	32.932065	4/16/2016
-80.038463	32.935431	4/17/2016
-81.133037	37.992732	4/17/2016
-96.364553	42.436082	4/17/2016
-86.455797	30.387372	4/17/2016
-83.47762	33.580339	4/17/2016
-114.349401	34.503014	4/18/2016
-92.725946	44.961066	4/18/2016
-89.655571	45.177947	4/19/2016
-83.670089	32.618309	4/19/2016
-83.564278	38.781268	4/19/2016
-111.323008	34.240652	4/20/2016
-114.597209	35.082802	4/20/2016
-85.645855	38.995108	4/21/2016
-78.654226	35.724834	4/22/2016
-84.115283	33.90398	4/22/2016
-81.419083	28.669124	4/23/2016
-85.185419	30.727988	4/23/2016
-86.593257	36.306402	4/23/2016
-88.267322	42.351653	4/23/2016
-85.803025	41.566163	4/23/2016
-77.387431	35.574413	4/25/2016
-105.225561	35.621497	4/26/2016
-111.573308	33.415057	4/26/2016
-82.102533	34.242563	4/26/2016
-80.735366	32.422364	4/26/2016
-103.532661	38.004822	4/27/2016
-81.13197	35.26061	4/27/2016
-88.640855	40.873665	4/27/2016
-80.206447	26.276007	4/28/2016
-85.266904	41.452299	4/28/2016
-93.879694	42.037386	4/28/2016
-82.687955	27.845205	4/28/2016
-81.02859	29.175314	4/29/2016
-78.052872	34.04081	4/30/2016
-92.669637	41.296205	4/30/2016
-88.047822	42.963921	4/30/2016
-89.155825	38.532973	4/30/2016
-89.784039	43.586625	5/1/2016
-106.658895	35.206571	5/1/2016
-80.114015	26.572005	5/2/2016
-79.555858	37.338515	5/3/2016
-83.4428	33.918034	5/4/2016
-88.205866	41.764204	5/4/2016
-83.962036	34.44887	5/4/2016
-88.084077	42.182522	5/4/2016
-95.930989	28.988286	5/5/2016
-78.15587	39.177177	5/5/2016
-84.176881	39.528671	5/5/2016
-84.359891	30.459042	5/6/2016
-95.562281	29.790801	5/7/2016
-84.237507	40.054446	5/7/2016
-110.981961	31.908755	5/7/2016
-105.539498	41.304128	5/8/2016
-88.300031	42.226183	5/9/2016
-106.768666	34.694902	5/9/2016
-95.121512	43.422903	5/9/2016
-84.132023	41.400551	5/9/2016
-112.408926	34.551383	5/9/2016
-89.953702	38.592589	5/9/2016
-85.135667	41.127296	5/10/2016
-88.14475	42.012885	5/11/2016
-89.783974	40.41141	5/11/2016
-84.666764	43.406959	5/11/2016
-85.237614	43.184442	5/11/2016
-77.389577	37.246442	5/13/2016
-85.493428	41.170417	5/14/2016
-82.630676	38.444854	5/14/2016
-82.945613	39.600842	5/14/2016
-84.766749	43.575388	5/14/2016
-83.171563	41.287146	5/15/2016
-88.582617	44.016083	5/16/2016
-91.46341	40.410076	5/17/2016
-85.559466	44.280663	5/18/2016
-84.536412	40.556563	5/18/2016
-94.371259	41.048007	5/18/2016
-80.142493	26.651389	5/19/2016
-101.485526	36.706371	5/19/2016
-113.063424	37.677319	5/19/2016
-113.519965	37.128468	5/19/2016
-112.295464	40.556526	5/19/2016
-84.307003	39.292076	5/20/2016
-111.462504	36.902193	5/21/2016
-84.269136	39.094617	5/21/2016
-81.531024	30.166494	5/21/2016
-91.239669	43.897003	5/22/2016
-92.104103	46.695376	5/22/2016
-82.349131	40.845423	5/22/2016
-87.698842	44.077075	5/22/2016
-81.721941	38.820828	5/23/2016
-90.438882	40.002855	5/24/2016
-80.782615	35.098797	5/24/2016
-88.089919	44.524015	5/24/2016
-91.332439	39.935265	5/25/2016
-97.171391	32.762471	5/25/2016
-110.957267	41.262526	5/26/2016
-108.38059	43.035571	5/26/2016
-85.254061	34.954443	5/26/2016
-86.145329	39.661467	5/26/2016
-98.38277	40.626275	5/26/2016
-109.24969	41.57864	5/27/2016
-86.647564	31.84826	5/28/2016
-83.917876	39.690211	5/28/2016
-80.93041	35.142541	5/29/2016
-79.427971	36.594637	5/29/2016
-84.132733	36.369531	5/29/2016
-84.934857	36.43371	5/29/2016
-89.919482	34.304572	5/30/2016
-85.15461	35.032032	5/30/2016
-95.04249	45.09618	5/31/2016
-88.743448	44.402267	6/1/2016
-92.886164	44.738657	6/1/2016
-93.950659	44.166887	6/2/2016
-114.598826	32.674933	6/2/2016
-91.707978	41.295979	6/3/2016
-85.764463	38.310958	6/3/2016
-80.949823	38.285941	6/4/2016
-82.523061	38.40944	6/4/2016
-87.026369	41.453694	6/4/2016
-84.958789	40.161794	6/5/2016
-86.823999	33.447245	6/6/2016
-82.558353	28.025731	6/6/2016
-97.397636	42.906768	6/7/2016
-94.51979	38.96107	6/7/2016
-105.494	44.273579	6/7/2016
-78.39828	37.277952	6/7/2016
-86.893959	41.676051	6/8/2016
-84.761992	33.730284	6/9/2016
-87.950518	42.240446	6/9/2016
-88.976992	42.267818	6/9/2016
-93.558435	41.374822	6/9/2016
-87.317915	31.512203	6/10/2016
-97.384102	27.714185	6/10/2016
-84.102964	39.863623	6/10/2016
-92.330632	42.460243	6/10/2016
-87.732358	41.500491	6/11/2016
-79.792417	36.076819	6/11/2016
-80.42825	37.816371	6/12/2016
-97.067959	44.886323	6/12/2016
-82.504896	28.085076	6/12/2016
-77.634025	36.430203	6/13/2016
-84.1104	39.633713	6/13/2016
-84.226208	39.62659	6/13/2016
-82.537989	37.505119	6/13/2016
-91.475314	42.483861	6/14/2016
-97.244651	37.738428	6/14/2016
-106.94254	44.773659	6/14/2016
-90.687813	42.067955	6/14/2016
-84.640524	39.013306	6/15/2016
-80.247553	25.993839	6/15/2016
-111.862295	33.335099	6/16/2016
-82.73961	28.09361	6/16/2016
-90.380564	38.435904	6/16/2016
-88.064298	43.161681	6/16/2016
-101.406783	35.660578	6/18/2016
-80.127401	26.260676	6/18/2016
-86.215436	39.911764	6/18/2016
-82.522919	38.409032	6/19/2016
-98.483561	45.45903	6/19/2016
-84.602404	39.259558	6/20/2016
-79.932508	39.020633	6/20/2016
-77.610111	37.651103	6/21/2016
-77.482359	37.352791	6/21/2016
-77.354771	37.611532	6/21/2016
-95.200817	42.647473	6/22/2016
-76.251596	36.289693	6/22/2016
-91.677926	42.034751	6/22/2016
-76.671757	39.975478	6/22/2016
-90.715717	33.755281	6/22/2016
-88.259666	42.074345	6/22/2016
-112.185179	33.638753	6/23/2016
-112.235138	33.581272	6/23/2016
-100.794448	46.798413	6/23/2016
-96.771102	43.516008	6/24/2016
-82.752678	27.808204	6/24/2016
-77.20164	39.843879	6/24/2016
-96.766832	44.311351	6/24/2016
-82.537324	40.777635	6/24/2016
-86.251683	42.411972	6/25/2016
-80.201552	26.691523	6/25/2016
-84.670887	44.94385	6/25/2016
-103.812878	44.480466	6/25/2016
-80.281122	39.279534	6/26/2016
-97.063467	47.889451	6/26/2016
-93.262379	42.507007	6/26/2016
-86.913341	40.301426	6/26/2016
-87.709214	40.775614	6/27/2016
-112.220675	33.469613	6/27/2016
-87.949626	42.924241	6/27/2016
-80.460321	35.661072	6/27/2016
-88.106631	41.939167	6/27/2016
-121.276256	38.021082	6/28/2016
-115.574184	32.801422	6/28/2016
-87.846147	41.601471	6/29/2016
-86.019578	39.927275	6/29/2016
-79.737506	36.489637	6/29/2016
-115.062206	36.16211	6/29/2016
-115.108453	36.099989	6/30/2016
-89.896226	35.234204	6/30/2016
-93.35914	45.20749	6/30/2016
-118.17178	34.695807	7/1/2016
-82.934085	38.753169	7/1/2016
-103.622026	48.168714	7/1/2016
-85.837683	41.586418	7/2/2016
-102.789724	46.904442	7/2/2016
-80.449641	41.233395	7/3/2016
-83.668807	38.622853	7/3/2016
-85.078598	41.362742	7/3/2016
-88.322358	42.846505	7/4/2016
-109.563623	40.440261	7/4/2016
-110.805434	39.599571	7/4/2016
-119.027732	35.317669	7/5/2016
-121.572309	39.49804	7/5/2016
-87.470929	41.494853	7/5/2016
-93.876006	45.188577	7/5/2016
-84.332815	34.042791	7/6/2016
-78.584869	36.300207	7/6/2016
-86.008203	39.773997	7/7/2016
-96.86559	46.861953	7/7/2016
-120.079932	36.974606	7/7/2016
-115.242965	36.123188	7/8/2016
-100.762917	41.121631	7/9/2016
-84.579324	33.856488	7/10/2016
-121.034879	37.671678	7/11/2016
-117.320177	34.470659	7/11/2016
-80.122729	26.487785	7/11/2016
-80.293947	25.934884	7/11/2016
-76.771795	40.262444	7/11/2016
-83.001041	43.821799	7/12/2016
-84.966718	41.935058	7/13/2016
-82.443981	40.027845	7/13/2016
-83.341458	40.239988	7/14/2016
-88.068209	41.696085	7/15/2016
-95.886225	36.038362	7/16/2016
-111.981712	33.640598	7/16/2016
-94.668472	38.915174	7/16/2016
-117.670303	35.609457	7/17/2016
-86.127392	40.007435	7/17/2016
-89.707837	39.753091	7/17/2016
-81.190785	34.707884	7/17/2016
-103.201178	44.075058	7/18/2016
-87.269146	30.427652	7/20/2016
-85.248558	35.157512	7/21/2016
-77.641682	40.569554	7/21/2016
-122.225053	40.159046	7/22/2016
-93.528745	47.216538	7/23/2016
-77.73165	43.215229	7/23/2016
-82.456694	43.038848	7/23/2016
-111.000254	32.133804	7/24/2016
-80.030136	35.99303	7/24/2016
-78.893573	36.035731	7/25/2016
-121.868807	38.011123	7/25/2016
-120.636979	40.410987	7/26/2016
-87.300104	41.47451	7/26/2016
-77.624657	43.081247	7/27/2016
-87.068741	31.136996	7/27/2016
-92.868049	40.742846	7/27/2016
-83.214732	41.109878	7/27/2016
-75.884746	41.219415	7/27/2016
-118.961498	35.390398	7/27/2016
-96.226135	42.793046	7/28/2016
-97.546635	35.609722	7/28/2016
-96.69031	46.876379	7/28/2016
-82.652801	41.396974	7/28/2016
-87.100666	39.529517	7/28/2016
-76.380721	37.04203	7/28/2016
-95.383684	45.84564	7/29/2016
-94.196898	45.544917	7/29/2016
-94.337432	45.97557	7/31/2016
-88.210858	43.041311	7/31/2016
-101.322454	48.210477	7/31/2016
-96.066941	41.314838	8/1/2016
-85.150067	31.87722	8/1/2016
-86.219289	41.052986	8/1/2016
-77.892988	40.807653	8/1/2016
-77.046697	35.852301	8/2/2016
-84.804507	42.582054	8/2/2016
-88.492553	43.799102	8/2/2016
-76.901356	40.952029	8/2/2016
-119.670785	36.327993	8/2/2016
-111.700457	33.393892	8/3/2016
-84.937612	40.824839	8/3/2016
-119.773244	39.113186	8/3/2016
-98.721266	46.882048	8/5/2016
-87.923052	43.384911	8/5/2016
-122.25418	38.15218	8/5/2016
-80.760723	37.063055	8/5/2016
-80.509259	39.047871	8/7/2016
-94.25899	46.343119	8/7/2016
-86.903999	40.020438	8/8/2016
-80.209938	41.621256	8/8/2016
-93.302878	44.288818	8/8/2016
-82.482588	33.47376	8/8/2016
-118.199702	34.617789	8/8/2016
-77.615971	35.269171	8/9/2016
-80.875012	35.81136	8/9/2016
-82.955451	35.525077	8/9/2016
-77.952131	35.734126	8/11/2016
-85.44192	40.21812	8/11/2016
-80.781126	35.213436	8/11/2016
-85.837644	40.814756	8/12/2016
-87.964758	42.3854	8/12/2016
-91.431804	44.775996	8/13/2016
-75.974691	40.344093	8/13/2016
-96.042015	41.179983	8/13/2016
-90.85323	46.605892	8/13/2016
-77.401192	42.835958	8/15/2016
-77.74776	39.656184	8/15/2016
-84.949655	38.294954	8/16/2016
-86.75535	37.927925	8/16/2016
-75.311827	43.089491	8/16/2016
-88.370939	43.049219	8/16/2016
-91.180566	43.879755	8/16/2016
-80.450087	25.684281	8/16/2016
-87.922373	42.068283	8/16/2016
-76.41442	36.829328	8/17/2016
-95.385114	40.762024	8/18/2016
-78.463204	40.018961	8/18/2016
-100.316606	44.364965	8/18/2016
-111.93879	40.651866	8/18/2016
-76.583306	36.749975	8/18/2016
-76.068452	36.824937	8/18/2016
-88.953958	39.899207	8/18/2016
-94.700233	38.989625	8/19/2016
-117.29943	34.048418	8/19/2016
-117.168797	34.047264	8/19/2016
-82.064222	35.650924	8/19/2016
-98.865197	48.109763	8/19/2016
-96.122109	46.289593	8/20/2016
-121.389422	38.408912	8/21/2016
-71.440659	43.056257	8/22/2016
-111.979633	41.103446	8/23/2016
-117.040633	32.959049	8/24/2016
-82.846785	34.093604	8/24/2016
-80.671581	28.122627	8/24/2016
-77.987628	39.45782	8/25/2016
-121.958333	38.362838	8/25/2016
-76.852749	42.90506	8/25/2016
-80.587261	40.656913	8/26/2016
-111.966873	41.224796	8/27/2016
-84.999531	41.655792	8/27/2016
-90.29754	32.32535	8/27/2016
-86.696665	33.530616	8/28/2016
-82.787735	27.917593	8/29/2016
-90.035517	40.592536	8/29/2016
-80.194891	39.425283	8/29/2016
-76.056466	38.77659	8/29/2016
-76.589295	38.540133	8/30/2016
-76.896721	38.637794	8/30/2016
-83.594754	41.055541	8/30/2016
-85.516903	43.687438	8/30/2016
-84.009171	33.888298	8/31/2016
-91.540157	41.649359	8/31/2016
-95.770985	44.433575	9/1/2016
-93.596742	41.538038	9/1/2016
-81.91712	40.544911	9/1/2016
-84.285264	39.820729	9/2/2016
-78.848942	38.433778	9/2/2016
-88.97442	43.968284	9/2/2016
-85.652711	40.06974	9/2/2016
-85.129217	39.657589	9/3/2016
-76.867184	37.902733	9/3/2016
-76.982713	42.861374	9/3/2016
-95.375405	42.017711	9/3/2016
-84.140762	42.997838	9/4/2016
-88.257983	40.147107	9/4/2016
-87.941594	42.153148	9/5/2016
-75.544428	39.191886	9/5/2016
-87.961362	41.870048	9/6/2016
-94.375571	44.871235	9/6/2016
-80.248132	40.161352	9/6/2016
-89.631604	42.278721	9/6/2016
-75.443393	38.910537	9/6/2016
-75.033571	39.73012	9/7/2016
-83.320738	36.768698	9/7/2016
-77.502038	43.193537	9/7/2016
-84.853074	39.830973	9/8/2016
-111.970922	33.349095	9/8/2016
-117.226107	33.818517	9/9/2016
-80.037775	32.81393	9/9/2016
-70.881552	43.234894	9/9/2016
-83.088164	40.581086	9/10/2016
-78.70746	35.85977	9/10/2016
-83.901977	43.623738	9/11/2016
-71.337782	42.89921	9/12/2016
-84.528054	43.204621	9/12/2016
-122.713398	38.366693	9/12/2016
-117.428587	34.10665	9/14/2016
-92.180044	46.813875	9/15/2016
-85.385859	39.885601	9/15/2016
-77.391534	37.704064	9/15/2016
-121.169166	38.671036	9/16/2016
-90.141172	38.73441	9/16/2016
-70.867562	42.881782	9/16/2016
-81.245849	37.243622	9/16/2016
-93.718595	41.596416	9/17/2016
-79.0749	40.051726	9/17/2016
-84.424275	34.025709	9/17/2016
-77.373945	34.533853	9/17/2016
-111.714393	40.280368	9/17/2016
-78.736499	41.130881	9/18/2016
-80.102139	40.688081	9/19/2016
-85.428238	41.784343	9/19/2016
-121.757138	42.193231	9/19/2016
-76.504921	37.11915	9/20/2016
-79.145757	35.459624	9/20/2016
-122.898738	44.517257	9/20/2016
-88.71555	43.192589	9/20/2016
-75.840892	40.2967	9/20/2016
-109.093019	44.516014	9/20/2016
-87.79808	41.705098	9/21/2016
-78.465263	38.097563	9/23/2016
-76.217936	42.573037	9/23/2016
-81.550819	39.305597	9/23/2016
-87.592928	38.355521	9/25/2016
-122.983526	44.964543	9/26/2016
-71.423808	42.72595	9/26/2016
-93.164623	44.83013	9/26/2016
-94.871945	42.066948	9/26/2016
-70.349217	43.623281	9/27/2016
-121.30349	38.11542	9/27/2016
-83.402526	41.946041	9/28/2016
-85.975519	43.467213	9/28/2016
-78.558187	41.390347	9/29/2016
-122.539146	45.416238	9/30/2016
-76.477142	41.015292	9/30/2016
-82.451607	35.278788	9/30/2016
-71.580573	42.811598	9/30/2016
-69.098352	44.125439	9/30/2016
-83.384652	43.497839	9/30/2016
-89.469461	43.570335	10/1/2016
-96.660898	32.877895	10/1/2016
-97.134255	32.669032	10/2/2016
-95.761659	39.062142	10/2/2016
-85.194109	41.07326	10/3/2016
-116.279395	33.707414	10/3/2016
-74.375233	42.995497	10/4/2016
-74.917487	39.792113	10/4/2016
-106.820117	40.4624	10/4/2016
-84.67052	41.966779	10/5/2016
-73.90142	41.550309	10/5/2016
-76.210087	36.862138	10/7/2016
-81.944555	40.846972	10/7/2016
-77.054856	43.055741	10/7/2016
-88.3399	42.052703	10/7/2016
-119.840968	36.809228	10/7/2016
-78.437105	35.787015	10/8/2016
-119.290149	45.850357	10/8/2016
-88.370959	41.76486	10/8/2016
-91.932759	44.911747	10/8/2016
-79.549514	40.826064	10/9/2016
-80.689522	35.211655	10/9/2016
-76.972851	39.825172	10/10/2016
-83.65102	42.230455	10/10/2016
-77.523635	38.797722	10/10/2016
-119.272816	36.326119	10/10/2016
-111.54596	40.72765	10/11/2016
-89.647343	44.436079	10/11/2016
-79.458936	34.177048	10/12/2016
-76.534714	42.970017	10/12/2016
-76.232924	43.185533	10/12/2016
-116.537535	33.815908	10/13/2016
-77.50947	38.305187	10/13/2016
-123.302855	42.440082	10/13/2016
-76.014212	42.094212	10/14/2016
-84.03132	41.875069	10/14/2016
-95.162274	29.998583	10/14/2016
-115.242287	36.216069	10/15/2016
-82.117649	41.398551	10/16/2016
-121.216026	37.786457	10/16/2016
-76.250346	36.769027	10/17/2016
-79.89314	36.055999	10/17/2016
-123.173074	45.228723	10/17/2016
-74.240967	39.974265	10/18/2016
-80.313612	26.063223	10/18/2016
-109.558884	31.339254	10/18/2016
-82.066569	29.210633	10/18/2016
-88.052665	41.859401	10/19/2016
-80.274327	36.189772	10/19/2016
-77.722771	39.888981	10/19/2016
-80.224024	26.20844	10/20/2016
-77.294579	38.646608	10/21/2016
-117.006509	33.750994	10/21/2016
-93.432893	44.857313	10/22/2016
-68.739622	44.836166	10/23/2016
-81.310267	41.676902	10/23/2016
-95.665641	44.877762	10/23/2016
-115.496264	32.694106	10/24/2016
-75.79401	39.604074	10/25/2016
-92.834459	45.032838	10/25/2016
-117.370316	34.072101	10/25/2016
-81.443283	41.642537	10/25/2016
-93.388443	45.10107	10/26/2016
-95.091958	44.541382	10/26/2016
-70.111735	44.594481	10/27/2016
-76.985594	39.584723	10/27/2016
-70.236207	44.120695	10/27/2016
-74.914375	39.894024	10/28/2016
-117.034737	46.732465	10/28/2016
-75.925146	44.047426	10/28/2016
-111.99348	46.59132	10/30/2016
-71.506599	41.788971	10/30/2016
-82.312249	26.934541	10/30/2016
-76.639361	39.13062	10/30/2016
-121.539036	45.710919	10/31/2016
-119.044027	36.080473	10/31/2016
-111.778083	43.835659	10/31/2016
-116.993775	34.881641	11/1/2016
-124.251637	43.391503	11/2/2016
-121.391705	38.712171	11/2/2016
-119.630952	36.576378	11/3/2016
-80.308787	40.395199	11/3/2016
-75.637672	41.465794	11/3/2016
-79.938778	40.849358	11/4/2016
-76.960946	40.237635	11/4/2016
-76.915851	41.260906	11/5/2016
-111.834324	41.76018	11/5/2016
-118.058124	45.338022	11/5/2016
-75.59543	38.366367	11/5/2016
-72.55088	41.798784	11/5/2016
-87.857821	41.783147	11/6/2016
-76.717731	38.934159	11/6/2016
-81.862348	41.161615	11/6/2016
-81.633191	41.135822	11/6/2016
-88.045946	42.000225	11/6/2016
-88.18799	41.941565	11/6/2016
-117.283723	33.941571	11/7/2016
-113.793143	42.557461	11/8/2016
-112.507855	45.963855	11/8/2016
-111.983898	43.404618	11/8/2016
-121.655491	39.144118	11/8/2016
-77.541138	39.113651	11/9/2016
-112.357591	43.198266	11/10/2016
-70.886033	41.644261	11/10/2016
-72.546861	42.851062	11/11/2016
-87.967149	44.473051	11/11/2016
-78.998955	43.107247	11/11/2016
-124.195659	41.772692	11/12/2016
-81.492308	40.99177	11/12/2016
-117.520644	33.88981	11/13/2016
-83.650227	41.353847	11/13/2016
-117.195549	34.135766	11/13/2016
-116.24167	33.636787	11/15/2016
-80.203253	26.347905	11/15/2016
-116.987603	32.842331	11/15/2016
-71.46732	42.114154	11/16/2016
-68.501269	45.363074	11/16/2016
-74.26563	39.698639	11/18/2016
-117.533124	34.106311	11/18/2016
-85.689645	43.037514	11/18/2016
-68.011306	46.697903	11/18/2016
-124.054963	44.654553	11/18/2016
-76.594761	43.39304	11/19/2016
-81.514522	41.313223	11/19/2016
-83.770354	43.002046	11/19/2016
-92.456896	46.690758	11/19/2016
-71.107187	42.828031	11/20/2016
-89.387303	45.633164	11/20/2016
-68.407369	44.532171	11/21/2016
-87.91058	41.907057	11/21/2016
-78.106335	36.709914	11/22/2016
-78.724955	40.485624	11/22/2016
-84.677171	44.99391	11/22/2016
-81.857334	40.275037	11/22/2016
-87.741927	41.765893	11/23/2016
-70.579994	43.496669	11/23/2016
-73.700668	42.625475	11/23/2016
-117.825884	34.117486	11/24/2016
-86.089904	42.811288	11/25/2016
-96.681963	40.857887	11/25/2016
-77.069634	41.782816	11/25/2016
-74.848858	44.950033	11/26/2016
-119.508067	48.416757	11/27/2016
-80.58124	40.402895	11/27/2016
-79.308162	42.451125	11/27/2016
-76.985001	36.279336	11/27/2016
-116.939976	44.024749	11/28/2016
-93.263699	45.123165	11/28/2016
-78.303694	36.100775	11/28/2016
-70.751007	43.416061	11/29/2016
-89.091343	42.312075	11/29/2016
-108.566597	45.755157	11/29/2016
-81.801631	26.272378	11/29/2016
-98.765509	26.352186	11/30/2016
-74.450295	41.465643	12/1/2016
-82.505696	27.944824	12/1/2016
-84.403987	38.986544	12/1/2016
-86.131236	40.476471	12/2/2016
-120.872483	37.507269	12/2/2016
-71.767906	41.351614	12/2/2016
-95.850827	41.216336	12/3/2016
-77.717222	42.800063	12/4/2016
-72.526705	42.124943	12/4/2016
-76.170026	39.499874	12/6/2016
-77.628416	37.504829	12/6/2016
-71.562374	42.372855	12/6/2016
-92.514457	44.079512	12/6/2016
-121.762535	37.699604	12/7/2016
-79.326073	42.097871	12/7/2016
-67.840565	46.141641	12/7/2016
-72.329084	43.375654	12/7/2016
-76.86889	42.156225	12/7/2016
-74.123617	40.07062	12/9/2016
-86.328932	41.363916	12/9/2016
-122.615383	38.929884	12/9/2016
-71.886236	41.924263	12/10/2016
-76.502461	38.294072	12/10/2016
-88.477485	44.268167	12/11/2016
-120.93874	37.608159	12/11/2016
-73.106495	42.679867	12/11/2016
-76.802433	39.101927	12/11/2016
-82.541006	41.154498	12/11/2016
-83.312501	43.050811	12/12/2016
-121.29828	38.753841	12/12/2016
-120.468593	34.660966	12/12/2016
-83.070505	40.268011	12/13/2016
-86.573661	39.147187	12/13/2016
-117.655088	34.106996	12/15/2016
-77.943816	43.196042	12/16/2016
-73.485358	44.693849	12/17/2016
-112.466317	42.909953	12/17/2016
-80.123922	25.986386	12/17/2016
-73.782653	42.734778	12/18/2016
-75.68676	36.055944	12/18/2016
-119.722262	36.735872	12/18/2016
-121.55991	37.01848	12/19/2016
-74.518622	40.432473	12/20/2016
-90.734881	42.489613	12/20/2016
-80.571498	35.476586	12/21/2016
-117.000759	46.399391	12/21/2016
-119.278399	47.134053	12/21/2016
-80.113603	41.169535	12/21/2016
-76.316304	39.464292	12/21/2016
-86.250396	41.789945	12/21/2016
-71.882822	42.169144	12/21/2016
-69.782526	44.71119	12/22/2016
-84.770608	44.326554	12/23/2016
-77.395958	38.858706	12/23/2016
-117.905636	48.537019	12/24/2016
-79.754378	39.905152	12/24/2016
-87.156111	40.933031	12/24/2016
-71.035558	41.904897	12/24/2016
-72.168341	41.745672	12/25/2016
-76.38718	40.34934	12/25/2016
-75.936228	41.572607	12/25/2016
-121.470523	37.753931	12/25/2016
-78.739042	39.657569	12/27/2016
-117.453967	33.938117	12/27/2016
-122.855944	42.369148	12/27/2016
-120.366475	37.974059	12/27/2016
-122.080862	37.577771	12/28/2016
-119.158279	34.220519	12/29/2016
-84.677736	40.178381	12/30/2016
-81.630462	38.363954	12/30/2016
-123.824818	46.983598	12/31/2016
-77.425136	39.024522	12/31/2016
-120.499781	37.318692	12/31/2016
-74.836929	40.047277	1/1/2017
-75.508653	39.62554	1/1/2017
-78.134119	42.749618	1/1/2017
-121.80154	39.722355	1/1/2017
-76.507252	39.378691	1/1/2017
-69.793161	44.343336	1/1/2017
-69.322124	44.8427	1/3/2017
-122.083922	38.237656	1/3/2017
-78.406072	40.472643	1/4/2017
-114.976741	36.043656	1/4/2017
-114.032721	35.195142	1/4/2017
-123.200558	39.132681	1/4/2017
-122.449991	39.58988	1/5/2017
-120.803736	38.35853	1/5/2017
-71.478975	43.231193	1/6/2017
-73.751435	43.105586	1/6/2017
-72.033734	42.792142	1/7/2017
-78.610989	35.835987	1/7/2017
-79.583119	40.308568	1/7/2017
-84.446484	38.001441	1/7/2017
-85.668798	42.449709	1/7/2017
-86.423684	42.07957	1/7/2017
-80.774662	41.099593	1/8/2017
-74.80649	41.324245	1/9/2017
-84.061498	35.925137	1/9/2017
-95.514187	29.736876	1/10/2017
-74.849612	40.168683	1/10/2017
-122.963009	42.318473	1/11/2017
-81.755634	41.418498	1/11/2017
-121.318926	44.021381	1/11/2017
-117.297239	33.662676	1/12/2017
-81.421595	39.408107	1/12/2017
-87.461104	46.549394	1/12/2017
-85.178752	42.261048	1/13/2017
-82.729701	27.983355	1/14/2017
-118.063176	33.870347	1/14/2017
-79.963364	39.608351	1/15/2017
-111.046156	45.694271	1/15/2017
-96.795115	33.025783	1/15/2017
-93.123044	45.086427	1/15/2017
-78.203911	43.017101	1/16/2017
-82.10696	36.639623	1/16/2017
-74.152014	41.108323	1/16/2017
-80.258696	25.78501	1/17/2017
-75.455933	44.705425	1/17/2017
-75.227049	43.126014	1/18/2017
-117.216367	33.170513	1/18/2017
-70.678871	41.762786	1/18/2017
-75.084847	40.198162	1/18/2017
-73.761095	42.270203	1/18/2017
-82.91407	40.0577	1/18/2017
-120.685543	35.615178	1/19/2017
-84.477769	45.626883	1/19/2017
-119.174485	46.176587	1/19/2017
-86.399853	43.955481	1/20/2017
-71.23012	42.124623	1/21/2017
-73.984028	41.558427	1/21/2017
-96.839013	32.925954	1/22/2017
-119.782338	39.555304	1/22/2017
-78.69684	43.185016	1/22/2017
-75.039939	39.426448	1/23/2017
-118.142734	33.902454	1/23/2017
-86.664493	33.408549	1/23/2017
-111.891599	33.507968	1/23/2017
-112.093436	33.523974	1/23/2017
-85.550728	30.75164	1/24/2017
-81.472974	40.493387	1/24/2017
-73.623115	43.397435	1/24/2017
-120.870451	37.056766	1/24/2017
-71.758226	42.592519	1/24/2017
-121.919666	37.431512	1/24/2017
-75.52573	42.553048	1/24/2017
-123.127661	47.231314	1/24/2017
-71.033375	42.121844	1/25/2017
-94.100167	33.443467	1/25/2017
-84.055811	39.77076	1/25/2017
-105.079826	39.740302	1/26/2017
-89.649781	44.917952	1/26/2017
-70.844203	41.9959	1/26/2017
-78.403481	41.033992	1/26/2017
-95.69288	39.00058	1/27/2017
-91.065872	30.379171	1/28/2017
-97.82608	30.235825	1/28/2017
-80.753098	35.310202	1/28/2017
-73.892404	42.922937	1/28/2017
-77.973733	38.482749	1/29/2017
-78.995793	35.95361	1/29/2017
-72.326245	43.608853	1/30/2017
-70.947467	42.459334	1/30/2017
-70.780185	42.958486	1/30/2017
-75.145012	39.927396	1/30/2017
-71.239352	42.798664	2/1/2017
-69.008502	44.42622	2/1/2017
-73.081105	41.820274	2/2/2017
-75.492624	40.644858	2/2/2017
-74.174405	42.945057	2/2/2017
-114.046792	46.833891	2/3/2017
-82.440305	40.402459	2/3/2017
-117.032341	32.583079	2/3/2017
-80.317531	26.145543	2/3/2017
-73.849432	42.695345	2/3/2017
-70.505093	43.476739	2/3/2017
-84.146424	33.969892	2/3/2017
-72.951718	40.88134	2/4/2017
-71.007149	41.641042	2/4/2017
-71.655708	42.289436	2/4/2017
-78.468525	42.079724	2/5/2017
-77.365256	37.18077	2/5/2017
-121.884371	37.700197	2/5/2017
-73.111851	41.290452	2/6/2017
-78.693286	42.483835	2/6/2017
-76.059206	43.063073	2/6/2017
-75.630852	40.022858	2/7/2017
-75.727551	40.818293	2/7/2017
-72.119363	41.508421	2/7/2017
-74.673867	40.301924	2/7/2017
-84.485221	39.287002	2/7/2017
-72.705758	42.108412	2/8/2017
-93.369776	36.701869	2/8/2017
-80.128527	26.93448	2/8/2017
-117.113964	32.804631	2/9/2017
-70.970231	42.598612	2/9/2017
-70.43755	44.108005	2/9/2017
-71.326276	41.792985	2/10/2017
-76.839107	40.831599	2/10/2017
-120.334819	47.453296	2/10/2017
-119.791518	39.482269	2/10/2017
-121.74089	38.677167	2/10/2017
-84.550889	41.461061	2/10/2017
-88.586661	47.113009	2/10/2017
-80.670007	40.371168	2/10/2017
-77.135166	38.771771	2/11/2017
-74.19678	40.258361	2/11/2017
-124.391053	47.95913	2/11/2017
-80.780512	41.272853	2/11/2017
-93.266073	44.861803	2/12/2017
-80.769772	39.9183	2/12/2017
-72.067544	41.366506	2/13/2017
-106.387896	31.776772	2/13/2017
-70.52006	43.382462	2/13/2017
-87.81895	41.863466	2/14/2017
-76.749443	39.964665	2/14/2017
-117.715643	33.563037	2/14/2017
-111.856564	40.619777	2/15/2017
-76.547271	41.989321	2/15/2017
-82.012818	39.974902	2/15/2017
-78.822297	43.010357	2/16/2017
-80.631309	41.028137	2/16/2017
-90.302267	38.494201	2/16/2017
-80.952935	34.023504	2/16/2017
-87.961208	41.752126	2/17/2017
-117.6715	33.68355	2/17/2017
-93.25811	37.141371	2/17/2017
-71.261554	42.621126	2/17/2017
-73.120538	44.442948	2/18/2017
-70.967164	42.094811	2/18/2017
-73.19104	42.452366	2/19/2017
-77.805324	40.829638	2/19/2017
-90.480881	41.46912	2/19/2017
-72.829293	41.277293	2/19/2017
-77.413253	39.394484	2/20/2017
-75.493483	43.22943	2/20/2017
-75.399532	40.289021	2/21/2017
-81.66403	26.614723	2/21/2017
-98.589136	29.365575	2/21/2017
-119.984214	46.316908	2/21/2017
-117.941505	33.836307	2/21/2017
-121.185526	44.248912	2/22/2017
-82.387005	38.411836	2/22/2017
-117.289591	33.241603	2/22/2017
-71.481744	42.963545	2/23/2017
-78.781176	35.743704	2/23/2017
-76.751257	39.283463	2/23/2017
-122.967627	46.62816	2/23/2017
-84.421646	39.170531	2/23/2017
-117.932022	34.000305	2/24/2017
-116.900134	32.827584	2/24/2017
-74.856648	39.718197	2/24/2017
-76.011432	40.988676	2/25/2017
-78.437699	36.330449	2/25/2017
-95.510116	29.851932	2/26/2017
-77.084953	38.742969	2/26/2017
-114.290704	48.209909	2/26/2017
-71.492949	41.580882	2/26/2017
-75.036961	42.448624	2/27/2017
-75.663933	40.255185	2/27/2017
-73.942814	42.786241	2/28/2017
-82.245767	34.709702	2/28/2017
-71.784607	42.355686	2/28/2017
-120.482916	46.603151	3/1/2017
-107.864869	37.228811	3/2/2017
-88.588526	44.782151	3/2/2017
-76.056466	38.554364	3/2/2017
-83.60955	43.019801	3/2/2017
-92.998747	45.2795	3/2/2017
-84.767458	39.526261	3/3/2017
-86.692785	41.619243	3/3/2017
-119.716066	36.808474	3/4/2017
-80.088723	42.055873	3/4/2017
-76.608851	39.193357	3/4/2017
-122.10866	37.400539	3/4/2017
-79.944757	40.347463	3/7/2017
-72.608994	41.919889	3/7/2017
-71.586023	41.678741	3/8/2017
-73.027193	41.468984	3/8/2017
-74.99373	43.023854	3/9/2017
-73.374752	40.893963	3/9/2017
-80.388583	41.009858	3/10/2017
-117.753382	34.033411	3/11/2017
-73.20982	42.899403	3/11/2017
-76.519672	39.100345	3/12/2017
-117.095158	32.645595	3/12/2017
-117.907633	34.099388	3/13/2017
-105.328625	39.699608	3/13/2017
-77.458513	37.630116	3/13/2017
-118.570869	34.382075	3/14/2017
-72.712443	41.607141	3/14/2017
-79.8633	40.495871	3/14/2017
-87.611402	33.235626	3/14/2017
-111.898635	40.546194	3/14/2017
-84.395915	39.343572	3/15/2017
-83.867387	36.029922	3/15/2017
-85.512807	40.898205	3/16/2017
-79.947813	37.295287	3/16/2017
-81.717391	41.276644	3/16/2017
-123.305884	44.933216	3/16/2017
-81.896746	41.418877	3/16/2017
-122.634155	47.649558	3/17/2017
-79.193333	40.600827	3/17/2017
-122.663888	48.293609	3/17/2017
-123.069959	43.790495	3/18/2017
-89.795548	35.141123	3/18/2017
-81.476946	41.165001	3/18/2017
-122.631192	47.516784	3/19/2017
-77.660478	42.319185	3/19/2017
-72.283991	42.586534	3/19/2017
-71.016473	43.339778	3/19/2017
-72.160604	41.36827	3/22/2017
-117.220164	34.525701	3/22/2017
-76.242062	40.032451	3/22/2017
-89.311672	43.109672	3/23/2017
-70.554039	41.916931	3/23/2017
-79.872489	37.00957	3/23/2017
-85.634355	44.726761	3/24/2017
-86.930907	40.457031	3/24/2017
-76.153019	40.163875	3/24/2017
-70.986013	42.238171	3/25/2017
-79.966406	32.720079	3/26/2017
-84.136645	41.57349	3/26/2017
-93.204678	45.571132	3/26/2017
-83.249766	42.641451	3/26/2017
-78.637296	42.980118	3/27/2017
-77.245253	39.200192	3/27/2017
-84.979085	45.095329	3/27/2017
-80.749746	41.880533	3/28/2017
-84.333731	33.938808	3/28/2017
-81.434223	40.872499	3/29/2017
-81.555706	41.520394	3/29/2017
-75.343372	41.127378	3/29/2017
-71.35239	41.932328	3/29/2017
-92.976747	45.819277	3/29/2017
-75.182117	40.990556	3/29/2017
-71.572011	43.452479	3/30/2017
-73.640333	42.746519	4/1/2017
-72.824092	41.456694	4/1/2017
-71.416589	41.752048	4/3/2017
-122.252157	47.297574	4/4/2017
-72.280779	42.239498	4/4/2017
-82.326731	27.923116	4/4/2017
-84.978197	40.447725	4/5/2017
-70.80497	43.100563	4/5/2017
-71.441116	42.954392	4/6/2017
-83.006284	39.317382	4/6/2017
-117.986324	34.135016	4/6/2017
-115.794573	40.839418	4/6/2017
-122.25277	47.163461	4/6/2017
-98.483211	29.515729	4/7/2017
-78.811509	42.76926	4/8/2017
-76.819858	39.283837	4/9/2017
-84.970891	45.353514	4/9/2017
-120.828614	38.705159	4/10/2017
-75.100944	38.712709	4/12/2017
-79.84277	40.13746	4/13/2017
-92.595942	44.866329	4/13/2017
-122.830717	45.84815	4/13/2017
-73.435101	43.848687	4/14/2017
-83.121434	40.060826	4/14/2017
-96.75209	32.935632	4/15/2017
-97.336589	38.023425	4/15/2017
-83.835559	39.943064	4/15/2017
-87.836799	46.001341	4/15/2017
-76.505186	39.288075	4/16/2017
-76.951546	39.404385	4/17/2017
-77.787712	38.697265	4/18/2017
-77.415997	38.473296	4/19/2017
-83.259593	35.309266	4/20/2017
-84.597195	39.426817	4/20/2017
-75.70321	43.07557	4/20/2017
-75.264423	40.287002	4/20/2017
-75.351028	40.431349	4/20/2017
-84.600891	39.128257	4/20/2017
-122.414735	48.767792	4/21/2017
-87.915291	43.089297	4/22/2017
-118.806492	39.477731	4/22/2017
-111.309711	47.524563	4/22/2017
-121.291685	38.594827	4/23/2017
-121.66684	36.702077	4/24/2017
-82.452084	27.290629	4/24/2017
-75.592875	38.635057	4/24/2017
-122.981317	46.154579	4/24/2017
-83.140034	40.074786	4/25/2017
-80.335694	36.069184	4/25/2017
-78.811131	39.543701	4/25/2017
-84.002035	33.653621	4/25/2017
-118.315802	46.056744	4/26/2017
-123.375457	43.217639	4/26/2017
-117.052115	32.74334	4/26/2017
-75.224836	41.555039	4/27/2017
-76.495068	40.790152	4/27/2017
-80.949316	26.754095	4/28/2017
-116.546133	48.307645	4/28/2017
-94.639779	39.035185	4/29/2017
-87.629571	40.196225	4/29/2017
-118.867327	45.661995	4/29/2017
-85.524508	42.913057	4/29/2017
-117.339249	33.183391	4/30/2017
-117.991787	33.76988	4/30/2017
-81.667614	36.218585	4/30/2017
-75.147705	40.681389	5/1/2017
-79.69704	40.3211	5/2/2017
-74.841805	40.814693	5/2/2017
-73.981482	41.958318	5/3/2017
-95.572503	29.573418	5/3/2017
-81.298297	41.158	5/3/2017
-120.418523	34.909214	5/3/2017
-116.285921	43.590254	5/4/2017
-88.149342	44.016499	5/6/2017
-89.720353	45.888757	5/7/2017
-111.945046	40.529157	5/7/2017
-112.078753	33.640228	5/7/2017
-83.973208	34.538185	5/7/2017
-75.556808	38.075009	5/8/2017
-112.001746	33.480446	5/8/2017
-122.218282	47.449163	5/9/2017
-117.917048	33.738352	5/9/2017
-74.650713	40.205943	5/9/2017
-76.687931	39.799799	5/9/2017
-77.436448	38.28579	5/9/2017
-87.077756	45.752269	5/9/2017
-117.864911	33.910953	5/10/2017
-121.797151	37.252479	5/10/2017
-118.565325	34.274832	5/10/2017
-117.61352	33.44449	5/12/2017
-77.474384	41.118057	5/12/2017
-76.12007	36.792195	5/12/2017
-72.962959	43.6128	5/12/2017
-73.84993	41.325644	5/13/2017
-88.98628	42.523529	5/13/2017
-87.060898	30.390615	5/14/2017
-85.401751	31.17885	5/14/2017
-76.388353	40.724679	5/15/2017
-119.330711	36.225746	5/15/2017
-122.343542	40.585608	5/15/2017
-123.094234	44.093316	5/15/2017
-117.19419	47.664273	5/15/2017
-79.390777	41.203869	5/16/2017
-81.158893	40.902028	5/16/2017
-84.035234	41.036589	5/16/2017
-75.766778	41.30695	5/16/2017
-87.188287	41.550513	5/17/2017
-87.658519	45.059058	5/20/2017
-117.836046	33.825543	5/20/2017
-74.681555	41.704378	5/20/2017
-82.621678	37.240477	5/21/2017
-117.406103	47.74157	5/21/2017
-122.565473	45.624635	5/21/2017
-77.165253	39.36533	5/21/2017
-122.57878	45.492081	5/22/2017
-122.789428	38.526339	5/23/2017
-112.32806	33.478677	5/23/2017
-75.628636	39.656756	5/23/2017
-120.596842	35.126412	5/23/2017
-119.094579	35.383421	5/24/2017
-83.052129	42.621705	5/25/2017
-83.028386	42.508361	5/26/2017
-75.156775	38.341283	5/26/2017
-80.185263	42.072272	5/26/2017
-101.223408	39.27968	5/27/2017
-86.466147	38.56398	5/27/2017
-78.495398	38.660447	5/28/2017
-79.118276	37.460904	5/28/2017
-77.829579	39.298151	5/29/2017
-85.782269	42.850913	5/29/2017
-118.448771	34.222047	5/29/2017
-74.65084	40.882321	5/30/2017
-72.791177	41.695646	5/31/2017
-122.3092	47.318746	5/31/2017
-82.99089	39.123233	6/1/2017
-77.191208	40.19087	6/2/2017
-92.496783	35.070954	6/2/2017
-81.616124	38.323042	6/2/2017
-76.655966	39.495782	6/2/2017
-103.0232	42.828737	6/2/2017
-78.342381	34.993018	6/2/2017
-76.237241	43.047307	6/3/2017
-74.91993	40.63069	6/4/2017
-73.578002	40.694117	6/4/2017
-84.207611	33.857039	6/5/2017
-73.125002	41.198612	6/5/2017
-78.76749	42.928595	6/5/2017
-92.037537	34.979357	6/5/2017
-79.822758	40.386445	6/6/2017
-80.392727	26.006368	6/6/2017
-115.166646	36.239423	6/7/2017
-115.119629	36.020506	6/7/2017
-122.238241	47.849419	6/7/2017
-122.166247	48.097225	6/7/2017
-122.337859	48.436305	6/8/2017
-79.13969	41.852669	6/8/2017
-121.497899	38.62742	6/8/2017
-98.591217	29.563169	6/8/2017
-90.650024	38.637002	6/8/2017
-79.945296	40.620729	6/9/2017
-74.731433	41.087332	6/9/2017
-82.172965	38.82332	6/9/2017
-81.098597	34.360082	6/10/2017
-114.121228	47.685744	6/10/2017
-105.813829	46.403009	6/10/2017
-118.159068	33.832403	6/11/2017
-81.992674	37.850142	6/12/2017
-79.540039	40.14656	6/12/2017
-106.271618	31.758394	6/12/2017
-82.949309	40.812471	6/12/2017
-75.921704	40.414211	6/13/2017
-83.291665	30.882267	6/13/2017
-90.69856	38.792718	6/13/2017
-117.744493	40.954085	6/13/2017
-83.363063	42.578708	6/14/2017
-84.237058	43.660042	6/14/2017
-85.307667	42.648611	6/14/2017
-118.796904	34.282112	6/15/2017
-82.98252	30.29959	6/16/2017
-82.429516	28.069249	6/16/2017
-84.529409	37.977946	6/16/2017
-71.645809	42.124739	6/16/2017
-81.876954	31.614632	6/16/2017
-83.33357	42.380527	6/17/2017
-74.447814	40.552306	6/17/2017
-71.194333	44.421793	6/18/2017
-117.982736	33.701181	6/18/2017
-74.150145	41.320616	6/19/2017
-82.717284	38.421818	6/19/2017
-71.43994	43.563735	6/20/2017
-70.934223	42.493263	6/20/2017
-75.552963	40.566764	6/20/2017
-93.22756	44.731896	6/20/2017
-92.898595	44.944901	6/20/2017
-84.03067	43.43524	6/21/2017
-78.005202	37.065255	6/21/2017
-80.708975	37.32792	6/22/2017
-78.529371	38.872345	6/23/2017
-122.181145	37.717941	6/23/2017
-96.968433	32.919378	6/24/2017
-74.966073	40.082578	6/24/2017
-74.58693	40.544514	6/24/2017
-106.17382	35.07933	6/24/2017
-103.331487	34.200641	6/25/2017
-85.687456	36.726773	6/25/2017
-106.061062	35.987625	6/25/2017
-88.190835	43.397773	6/25/2017
-70.243309	43.694524	6/26/2017
-71.109926	42.572259	6/27/2017
-80.237839	37.644847	6/28/2017
-78.749006	40.473987	6/29/2017
-78.813004	40.934295	6/29/2017
-89.825791	30.30551	6/29/2017
-83.003132	39.975105	6/29/2017
-96.691226	32.792525	6/30/2017
-87.958414	42.69863	6/30/2017
-111.841444	33.284042	7/1/2017
-102.60328	38.088494	7/1/2017
-80.353712	41.417735	7/1/2017
-86.184655	41.712767	7/2/2017
-86.018101	41.696723	7/3/2017
-86.303827	41.760397	7/3/2017
-71.800995	44.307896	7/3/2017
-72.562804	44.220711	7/3/2017
-72.553061	42.356645	7/4/2017
-80.858045	39.655669	7/4/2017
-82.224724	34.948158	7/4/2017
-95.30671	32.274788	7/4/2017
-86.741048	34.680973	7/4/2017
-85.820722	38.316077	7/4/2017
-83.297164	42.879474	7/4/2017
-83.747062	42.789581	7/5/2017
-90.406381	38.580826	7/5/2017
-81.719242	28.52507	7/5/2017
-78.95725	39.051497	7/5/2017
-121.769643	37.96315	7/5/2017
-83.468608	42.656741	7/5/2017
-93.303354	37.060152	7/6/2017
-79.776422	34.12823	7/6/2017
-79.822931	35.822437	7/7/2017
-76.951501	36.668358	7/7/2017
-90.058838	29.892375	7/8/2017
-117.097351	33.481442	7/8/2017
-78.910305	33.706789	7/8/2017
-86.704085	33.620581	7/9/2017
-95.146656	43.148762	7/9/2017
-88.896925	30.458887	7/9/2017
-91.708694	41.959529	7/9/2017
-89.377805	31.390234	7/10/2017
-95.460332	29.673399	7/10/2017
-72.896253	41.699029	7/11/2017
-90.351933	32.280755	7/11/2017
-86.31048	33.588625	7/11/2017
-95.211402	29.693704	7/11/2017
-83.019767	40.164279	7/11/2017
-82.765459	40.017611	7/12/2017
-80.47516	25.450481	7/12/2017
-88.884513	39.819933	7/12/2017
-105.053273	40.583336	7/13/2017
-77.547754	35.883016	7/13/2017
-84.918802	33.744136	7/13/2017
-83.928466	32.228296	7/15/2017
-97.423622	35.218374	7/15/2017
-121.455261	38.496043	7/15/2017
-87.814159	30.807965	7/15/2017
-82.563242	28.057387	7/17/2017
-71.483483	41.72084	7/17/2017
-87.688532	30.264523	7/17/2017
-82.044541	35.868868	7/17/2017
-83.391305	34.904778	7/18/2017
-82.02615	33.106246	7/18/2017
-90.012341	32.357872	7/18/2017
-77.382271	39.443743	7/19/2017
-71.754322	43.744	7/19/2017
-87.887991	31.536689	7/19/2017
-81.498246	37.123055	7/20/2017
-80.583103	37.149769	7/20/2017
-93.465806	41.644089	7/21/2017
-111.895352	33.624063	7/21/2017
-111.734201	33.451836	7/21/2017
-111.805323	33.410193	7/23/2017
-86.774937	40.744977	7/23/2017
-78.029213	33.943446	7/23/2017
-112.356463	33.638723	7/23/2017
-111.523995	32.978671	7/24/2017
-116.642601	43.631995	7/25/2017
-116.572638	43.549198	7/25/2017
-115.666018	43.135713	7/25/2017
-84.480109	38.072158	7/25/2017
-96.746862	40.303336	7/26/2017
-86.34983	39.763672	7/26/2017
-86.122	39.888516	7/26/2017
-86.402259	39.860508	7/26/2017
-80.093387	26.531798	7/27/2017
-75.38143	38.68446	7/27/2017
-82.437374	38.208697	7/27/2017
-80.098987	36.107417	7/27/2017
-111.439502	39.62103	7/27/2017
-77.462473	37.750343	7/27/2017
-82.674007	28.042271	7/28/2017
-72.056109	42.12479	7/28/2017
-76.886976	38.773845	7/28/2017
-97.512722	35.667508	7/29/2017
-97.538523	35.52417	7/29/2017
-77.543914	36.702867	7/31/2017
-81.933086	35.08659	7/31/2017
-78.910366	38.430356	7/31/2017
-77.66258	37.454138	7/31/2017
-80.223971	38.963433	8/1/2017
-81.720838	38.818577	8/1/2017
-92.461559	43.985499	8/1/2017
-90.160002	44.68601	8/1/2017
-80.323479	25.868962	8/1/2017
-88.026871	42.074226	8/2/2017
-87.768245	42.011935	8/2/2017
-87.558839	41.589293	8/2/2017
-87.485348	41.595697	8/2/2017
-85.201507	40.791181	8/3/2017
-95.94771	43.93084	8/3/2017
-77.532938	37.536404	8/4/2017
-90.862335	30.490214	8/4/2017
-81.541069	39.227197	8/4/2017
-74.2971	40.453762	8/4/2017
-91.608948	41.695954	8/4/2017
-87.94831	42.983942	8/5/2017
-75.342547	39.865925	8/5/2017
-114.51846	42.697177	8/6/2017
-81.050469	32.76513	8/6/2017
-80.025355	39.337036	8/7/2017
-78.785572	35.592216	8/7/2017
-115.062133	36.239389	8/7/2017
-74.836396	39.97604	8/8/2017
-117.541162	33.8474	8/8/2017
-82.006205	29.007538	8/9/2017
-73.773076	42.868196	8/10/2017
-79.468122	35.733477	8/10/2017
-89.847893	34.964169	8/11/2017
-95.935367	41.158666	8/12/2017
-82.016935	39.011467	8/13/2017
-76.840603	39.575597	8/13/2017
-80.751635	39.929804	8/13/2017
-76.984171	38.549017	8/13/2017
-71.994979	41.584182	8/13/2017
-94.772579	39.009504	8/14/2017
-94.123942	39.014539	8/14/2017
-94.655071	39.246943	8/15/2017
-77.689942	43.130721	8/16/2017
-81.24175	32.141014	8/16/2017
-116.27929	43.668485	8/17/2017
-116.343719	43.61947	8/17/2017
-98.705473	29.494349	8/18/2017
-117.444383	47.700739	8/18/2017
-84.425136	42.719534	8/18/2017
-84.555467	42.721958	8/19/2017
-84.620815	42.739202	8/20/2017
-74.975869	40.006226	8/20/2017
-83.48514	42.220707	8/21/2017
-83.172376	42.547766	8/21/2017
-74.009571	42.851187	8/21/2017
-81.380813	28.340685	8/21/2017
-93.491633	45.125351	8/21/2017
-96.797302	33.099596	8/22/2017
-115.271121	36.27023	8/22/2017
-71.317697	41.50842	8/22/2017
-118.093781	33.981355	8/22/2017
-76.565989	40.319316	8/22/2017
-90.244317	41.815547	8/23/2017
-83.764825	32.87994	8/24/2017
-102.40865	31.8437	8/24/2017
-95.710019	37.228998	8/24/2017
-79.392994	39.425051	8/25/2017
-73.056555	41.312167	8/25/2017
-72.873145	41.624127	8/25/2017
-72.379147	41.295476	8/26/2017
-72.830472	41.809559	8/27/2017
-72.658141	41.6822	8/27/2017
-72.641443	42.34252	8/27/2017
-71.399491	42.298625	8/28/2017
-71.359792	42.620999	8/28/2017
-71.05763	42.101133	8/29/2017
-74.136472	41.11239	8/29/2017
-72.667641	40.934459	8/29/2017
-79.79801	35.358286	8/29/2017
-79.611087	41.932369	8/30/2017
-80.821923	40.900935	8/30/2017
-76.126728	43.286597	8/31/2017
-83.270153	42.251613	8/31/2017
-90.388046	29.90089	9/1/2017
-81.914892	40.556141	9/1/2017
-73.080362	40.899432	9/1/2017
-73.544496	40.724608	9/3/2017
-73.083665	40.950969	9/3/2017
-83.558849	30.15889	9/3/2017
-111.969644	41.259181	9/3/2017
-110.789752	32.223145	9/4/2017
-108.470847	45.829168	9/4/2017
-106.672469	35.173905	9/5/2017
-122.284516	38.310229	9/5/2017
-96.770384	33.054232	9/6/2017
-122.384266	45.530837	9/6/2017
-80.03453	33.034338	9/6/2017
-78.964498	34.984157	9/7/2017
-75.553287	38.307348	9/8/2017
-84.132821	35.907149	9/8/2017
-81.051698	37.354904	9/9/2017
-92.90024	42.023879	9/10/2017
-88.010509	43.175898	9/10/2017
-92.962458	47.400121	9/10/2017
-92.005336	30.181331	9/10/2017
-90.158421	32.239037	9/10/2017
-84.272179	34.088385	9/11/2017
-75.932155	39.981722	9/11/2017
-122.665132	45.661899	9/11/2017
-118.048386	33.94147	9/13/2017
-118.191753	33.772938	9/14/2017
-118.045253	34.558062	9/15/2017
-118.100052	34.689568	9/15/2017
-117.19399	33.554176	9/15/2017
-71.215558	41.755849	9/16/2017
-73.422693	41.156726	9/17/2017
-94.589729	38.886094	9/17/2017
-88.198163	41.508126	9/17/2017
-95.873622	46.828111	9/18/2017
-88.353552	44.243707	9/19/2017
-118.335096	34.011683	9/19/2017
-80.153724	26.231392	9/19/2017
-80.278886	26.306343	9/19/2017
-72.72173	41.662355	9/20/2017
-81.733792	41.052332	9/20/2017
-84.532961	39.046983	9/20/2017
-85.123029	38.667699	9/21/2017
-97.369866	32.635413	9/21/2017
-97.289677	32.890752	9/21/2017
-119.801871	36.838634	9/21/2017
-88.492232	44.175062	9/22/2017
-85.272826	34.736649	9/22/2017
-121.942137	37.512902	9/22/2017
-97.628724	30.494032	9/22/2017
-77.127331	42.14984	9/22/2017
-95.639051	29.606341	9/24/2017
-94.801165	39.739523	9/24/2017
-96.855651	32.99696	9/25/2017
-70.945978	42.200423	9/25/2017
-84.178732	33.431715	9/26/2017
-84.606816	33.779325	9/26/2017
-84.061336	40.730752	9/26/2017
-81.335481	28.795115	9/27/2017
-111.642306	40.161287	9/27/2017
-93.552105	45.286746	9/27/2017
-89.60597	39.802666	9/28/2017
-95.457997	30.207459	9/28/2017
-76.425322	36.881486	9/30/2017
-76.090274	36.811838	9/30/2017
-119.153005	46.826222	10/1/2017
-122.420626	47.072614	10/1/2017
-76.736188	37.349994	10/1/2017
-113.589148	37.051282	10/1/2017
-76.867053	42.382457	10/1/2017
-82.760587	34.708321	10/1/2017
-80.347335	40.763003	10/2/2017
-96.596879	32.839928	10/2/2017
-96.526192	32.9133	10/3/2017
-95.806137	29.782111	10/4/2017
-79.670186	40.434173	10/4/2017
-99.308734	34.161291	10/4/2017
-92.49609	34.622347	10/4/2017
-94.341831	35.463612	10/5/2017
-111.981428	40.609444	10/5/2017
-94.870206	47.464286	10/5/2017
-83.02226	36.40123	10/5/2017
-80.172626	25.925547	10/5/2017
-96.701161	43.509414	10/6/2017
-122.98929	44.059658	10/6/2017
-112.237676	33.652637	10/6/2017
-79.873471	37.321137	10/6/2017
-91.436106	46.013951	10/6/2017
-88.625632	42.627629	10/7/2017
-117.969808	33.915066	10/8/2017
-81.339272	41.688078	10/8/2017
-83.460011	39.52373	10/8/2017
-75.448168	39.849971	10/8/2017
-80.139771	41.87827	10/8/2017
-119.869789	39.538218	10/8/2017
-88.2516	40.053121	10/10/2017
-123.173912	44.048138	10/11/2017
-114.044655	46.885645	10/11/2017
-119.543115	47.321607	10/11/2017
-119.304452	46.265971	10/12/2017
-81.573945	39.987715	10/12/2017
-76.341152	37.027952	10/13/2017
-74.551385	40.256615	10/13/2017
-96.198933	41.233118	10/14/2017
-89.139534	45.16223	10/14/2017
-70.516659	44.539549	10/16/2017
-80.847461	36.708259	10/16/2017
-86.749182	33.147504	10/16/2017
-94.667726	38.844076	10/16/2017
-97.188744	32.904002	10/16/2017
-117.334029	34.162107	10/17/2017
-119.75424	39.419831	10/18/2017
-96.600921	40.734364	10/19/2017
-98.391741	29.414183	10/19/2017
-77.600027	43.194301	10/19/2017
-79.969631	42.161907	10/19/2017
-82.439019	39.541072	10/20/2017
-97.464476	37.722669	10/20/2017
-96.777626	32.767268	10/20/2017
-97.128632	33.147123	10/21/2017
-91.02822	30.541133	10/21/2017
-81.482204	36.388563	10/22/2017
-74.699784	40.883734	10/22/2017
-74.298775	40.688431	10/22/2017
-85.590119	38.148373	10/22/2017
-95.797371	35.997678	10/23/2017
-95.588617	29.736397	10/23/2017
-95.615453	29.916802	10/23/2017
-95.193967	29.523545	10/24/2017
-84.178072	40.564731	10/24/2017
-95.559963	29.678621	10/24/2017
-79.089409	35.306394	10/25/2017
-79.942536	36.415097	10/25/2017
-97.671411	31.067603	10/26/2017
-98.319686	26.243802	10/26/2017
-88.225074	43.072171	10/26/2017
-85.2876	43.17709	10/27/2017
-92.006606	34.170179	10/28/2017
-83.225942	42.134972	10/28/2017
-84.198629	39.018382	10/28/2017
-78.198932	39.263975	10/29/2017
-81.648681	27.97859	10/29/2017
-111.961377	33.277298	10/29/2017
-87.443588	36.6668	10/29/2017
-87.061408	37.754132	10/30/2017
-93.080605	44.896412	10/31/2017
-79.849122	32.792842	10/31/2017
-80.893171	35.224379	10/31/2017
-119.227642	46.331172	10/31/2017
-100.396676	32.45086	10/31/2017
-101.86443	35.170752	11/1/2017
-102.409045	34.83674	11/1/2017
-86.508112	33.73676	11/2/2017
-84.028121	33.9384	11/2/2017
-84.042993	33.803362	11/3/2017
-98.280386	29.605922	11/3/2017
-94.986451	41.403853	11/3/2017
-98.339689	40.884771	11/3/2017
-84.74507	33.92745	11/4/2017
-93.218268	45.037365	11/4/2017
-96.820861	32.953998	11/4/2017
-119.752626	39.202517	11/4/2017
-73.554405	40.755742	11/4/2017
-95.234339	29.63224	11/4/2017
-104.429762	32.930382	11/5/2017
-97.654046	32.740107	11/5/2017
-112.032446	41.464937	11/5/2017
-89.022821	40.484032	11/6/2017
-89.631031	40.795358	11/7/2017
-84.594389	33.396735	11/7/2017
-84.047787	34.029668	11/8/2017
-82.266426	27.93777	11/8/2017
-117.698611	34.016115	11/8/2017
-112.263936	33.50871	11/8/2017
-74.254589	40.614399	11/9/2017
-84.66854	34.032863	11/9/2017
-116.907371	47.715891	11/9/2017
-115.20134	36.159054	11/9/2017
-82.48516	27.493707	11/9/2017
-75.406305	40.125856	11/10/2017
-83.428863	42.323448	11/10/2017
-118.088714	33.828354	11/10/2017
-82.084989	36.901416	11/10/2017
-76.399801	39.337877	11/10/2017
-96.76783	33.004164	11/11/2017
-90.695064	29.582749	11/11/2017
-87.301814	30.348428	11/11/2017
-82.069782	39.336954	11/12/2017
-83.006984	42.656566	11/13/2017
-88.253948	42.701313	11/13/2017
-76.685524	39.278774	11/14/2017
-76.456115	39.056311	11/14/2017
-71.158789	42.741823	11/14/2017
-97.205964	37.678991	11/15/2017
-122.110409	37.996063	11/15/2017
-117.124256	33.136015	11/15/2017
-87.272289	36.508382	11/15/2017
-87.986845	43.093616	11/16/2017
-88.79712	43.209682	11/17/2017
-93.185227	45.180873	11/17/2017
-95.163229	29.804965	11/17/2017
-75.78548	40.183707	11/17/2017
-84.529946	39.441168	11/17/2017
-80.095857	35.783049	11/18/2017
-89.107232	43.540286	11/18/2017
-76.60642	39.268708	11/18/2017
-95.347763	29.559079	11/19/2017
-93.512181	44.762774	11/19/2017
-78.616795	41.979478	11/19/2017
-83.624246	39.225105	11/20/2017
-116.967254	32.633485	11/23/2017
-99.494123	27.607875	11/23/2017
-74.051408	40.795877	11/23/2017
-117.963479	34.072928	11/23/2017
-118.548277	34.407883	11/23/2017
-116.969129	32.807676	11/24/2017
-82.405766	28.536679	11/24/2017
-80.892479	27.12453	11/25/2017
-89.15254	30.84716	11/26/2017
-85.978364	39.860173	11/26/2017
-122.972051	46.630662	11/26/2017
-92.585163	44.566661	11/27/2017
-71.067049	43.050165	11/27/2017
-80.725681	28.229848	11/28/2017
-75.691667	39.861724	11/28/2017
-73.418846	41.40594	11/28/2017
-72.679321	41.288503	11/29/2017
-72.916807	41.37305	11/30/2017
-73.41708	41.552303	11/30/2017
-73.449757	41.094621	12/1/2017
-73.008078	41.566074	12/1/2017
-72.290115	42.923638	12/2/2017
-71.171646	41.698713	12/2/2017
-70.596161	41.564365	12/3/2017
-74.091779	40.886933	12/4/2017
-75.319356	40.644704	12/5/2017
-75.119458	40.179624	12/5/2017
-75.315355	40.143678	12/6/2017
-112.024878	40.702113	12/6/2017
-97.689576	30.355089	12/6/2017
-82.144622	33.545429	12/7/2017
-84.328421	39.496762	12/7/2017
-95.383727	29.555968	12/7/2017
-77.450195	38.753282	12/7/2017
-82.427747	40.083173	12/8/2017
-82.045083	39.892154	12/9/2017
-73.784657	42.614726	12/9/2017
-121.262751	38.750523	12/10/2017
-77.310761	38.581254	12/10/2017
-111.900901	40.738895	12/10/2017
-96.370904	42.533184	12/10/2017
-95.651046	30.382126	12/11/2017
-79.052561	35.030654	12/12/2017
-88.891877	42.274265	12/14/2017
-74.455938	40.812615	12/15/2017
-81.075095	41.80067	12/15/2017
-93.802813	45.290347	12/15/2017
-91.55587	42.033919	12/15/2017
-82.854993	43.420773	12/17/2017
-102.074195	31.973035	12/17/2017
-85.373049	35.019141	12/17/2017
-83.646947	42.941146	12/18/2017
-119.701808	39.672905	12/19/2017
-96.938997	42.788488	12/20/2017
-95.431703	32.512887	12/20/2017
-84.208782	40.150566	12/20/2017
-81.508716	37.439559	12/21/2017
-79.763926	40.60364	12/21/2017
-117.097315	32.674501	12/21/2017
-85.009466	41.131538	12/22/2017
-83.613266	41.612215	12/22/2017
-83.459541	41.637214	12/22/2017
-83.673856	41.676576	12/23/2017
-111.092747	32.356055	12/23/2017
-118.054629	33.983574	12/24/2017
-103.772698	40.26385	12/24/2017
-81.827567	26.60417	12/24/2017
-81.973685	27.904705	12/25/2017
-82.551279	28.064158	12/25/2017
-81.60761	30.630679	12/25/2017
-88.203533	41.651621	12/26/2017
-75.558814	39.118168	12/26/2017
-80.093076	40.384651	12/26/2017
-122.040151	47.233658	12/26/2017
-89.215924	42.114171	12/26/2017
-95.616175	30.05434	12/26/2017
-78.494694	35.662637	12/26/2017
-75.092708	39.896854	12/26/2017
-83.594055	41.758466	12/27/2017
-105.148165	39.600992	12/27/2017
-104.756359	40.421551	12/27/2017
-81.475981	30.317611	12/28/2017
-81.687112	26.109655	12/28/2017
-90.984183	30.331106	12/28/2017
-86.368098	35.812128	12/29/2017
-86.631345	36.062373	12/30/2017
-88.335415	42.175706	12/30/2017
-80.734003	35.137696	12/30/2017
-85.510764	42.32888	12/31/2017
-85.682258	42.292368	1/1/2018
-82.010537	41.467638	1/1/2018
-73.434721	40.681288	1/1/2018
-74.737511	40.615248	1/2/2018
-115.297371	36.092542	1/2/2018
-98.474693	34.631071	1/2/2018
-118.299217	33.854215	1/3/2018
-122.086881	47.359379	1/4/2018
-117.26061	33.170685	1/4/2018
-68.80502	44.765791	1/5/2018
-74.402255	40.909533	1/5/2018
-89.187304	30.331932	1/5/2018
-97.186177	32.845576	1/6/2018
-81.742182	41.38453	1/6/2018
-81.442055	41.520086	1/6/2018
-78.662654	33.842307	1/6/2018
-93.04218	44.86345	1/6/2018
-88.099622	44.438113	1/6/2018
-95.699731	29.973809	1/7/2018
-96.990092	33.003471	1/7/2018
-72.712364	41.74255	1/7/2018
-83.974127	43.48961	1/8/2018